,agent,opponent,episode,num_actions,episode_reward,cumulative_reward,time_per_episode,action_history,q_total,q_mean
0,"Qlearntab_Language_{'alpha': 0.05, 'gamma': 0.95, 'epsilon': 0.1, 'epsilon_step': 0}",,0,1,0.25,0.25,0.01296377182006836,"['examine fridge', 'open fridge']",0.0125,0.0125
1,"Qlearntab_Language_{'alpha': 0.05, 'gamma': 0.95, 'epsilon': 0.1, 'epsilon_step': 0}",,1,28,0.25,0.5,0.08876252174377441,"['open trash can', 'inventory', 'examine dining chair', 'inventory', 'examine trash can', 'examine kitchen cupboard', 'examine cookbook', 'examine dining chair', 'examine counter', 'examine trash can', 'take cookbook', 'examine dishwasher', 'examine stove', 'open dishwasher', 'examine oven', 'examine trash can', 'put cookbook in dishwasher', 'take knife', 'take cookbook', 'examine toaster', 'examine oven', 'put cookbook in dining chair', 'examine cutlery drawer', 'put knife in trash can', 'examine cutlery drawer', 'inventory', 'examine kitchen cupboard', 'examine fridge', 'open fridge']",0.02496875,0.012484375
2,"Qlearntab_Language_{'alpha': 0.05, 'gamma': 0.95, 'epsilon': 0.1, 'epsilon_step': 0}",,2,2,0.25,0.75,0.01695537567138672,"['open dishwasher', 'examine knife', 'open fridge']",0.03746875,0.012489583333333333
3,"Qlearntab_Language_{'alpha': 0.05, 'gamma': 0.95, 'epsilon': 0.1, 'epsilon_step': 0}",,3,5,0.25,1.0,0.02593064308166504,"['examine toaster', 'look around', 'examine oven', 'open kitchen cupboard', 'examine knife', 'open fridge']",0.049937499999999996,0.012484374999999999
4,"Qlearntab_Language_{'alpha': 0.05, 'gamma': 0.95, 'epsilon': 0.1, 'epsilon_step': 0}",,4,0,0.25,1.25,0.00897669792175293,['open fridge'],0.06243749999999999,0.012487499999999999
5,"Qlearntab_Language_{'alpha': 0.05, 'gamma': 0.95, 'epsilon': 0.1, 'epsilon_step': 0}",,5,0,0.25,1.5,0.007976770401000977,['open fridge'],0.07431249999999999,0.014862499999999997
6,"Qlearntab_Language_{'alpha': 0.05, 'gamma': 0.95, 'epsilon': 0.1, 'epsilon_step': 0}",,6,0,0.25,1.75,0.00797891616821289,['open fridge'],0.08559375,0.01711875
7,"Qlearntab_Language_{'alpha': 0.05, 'gamma': 0.95, 'epsilon': 0.1, 'epsilon_step': 0}",,7,0,0.25,2.0,0.007979154586791992,['open fridge'],0.0963109375,0.0192621875
8,"Qlearntab_Language_{'alpha': 0.05, 'gamma': 0.95, 'epsilon': 0.1, 'epsilon_step': 0}",,8,0,0.25,2.25,0.007977724075317383,['open fridge'],0.106492265625,0.021298453125
9,"Qlearntab_Language_{'alpha': 0.05, 'gamma': 0.95, 'epsilon': 0.1, 'epsilon_step': 0}",,9,0,0.25,2.5,0.009003400802612305,['open fridge'],0.11616452734375,0.023232905468750002
10,"Qlearntab_Language_{'alpha': 0.05, 'gamma': 0.95, 'epsilon': 0.1, 'epsilon_step': 0}",,10,0,0.25,2.75,0.008975028991699219,['open fridge'],0.1253531759765625,0.025070635195312503
11,"Qlearntab_Language_{'alpha': 0.05, 'gamma': 0.95, 'epsilon': 0.1, 'epsilon_step': 0}",,11,0,0.25,3.0,0.008005857467651367,['open fridge'],0.13408239217773438,0.026816478435546874
12,"Qlearntab_Language_{'alpha': 0.05, 'gamma': 0.95, 'epsilon': 0.1, 'epsilon_step': 0}",,12,0,0.25,3.25,0.008006095886230469,['open fridge'],0.14237514756884767,0.028475029513769533
13,"Qlearntab_Language_{'alpha': 0.05, 'gamma': 0.95, 'epsilon': 0.1, 'epsilon_step': 0}",,13,0,0.25,3.5,0.008975505828857422,['open fridge'],0.15025326519040527,0.030050653038081056
14,"Qlearntab_Language_{'alpha': 0.05, 'gamma': 0.95, 'epsilon': 0.1, 'epsilon_step': 0}",,14,0,0.25,3.75,0.008004903793334961,['open fridge'],0.15773747693088502,0.031547495386177
15,"Qlearntab_Language_{'alpha': 0.05, 'gamma': 0.95, 'epsilon': 0.1, 'epsilon_step': 0}",,15,2,0.25,4.0,0.011940479278564453,"['examine dining chair', 'examine fridge', 'open fridge']",0.170176539430885,0.02836275657181417
16,"Qlearntab_Language_{'alpha': 0.05, 'gamma': 0.95, 'epsilon': 0.1, 'epsilon_step': 0}",,16,0,0.25,4.25,0.009003162384033203,['open fridge'],0.17728654058434076,0.029547756764056795
17,"Qlearntab_Language_{'alpha': 0.05, 'gamma': 0.95, 'epsilon': 0.1, 'epsilon_step': 0}",,17,9,0.25,4.5,0.02692556381225586,"['open cutlery drawer', 'examine toaster', 'read cookbook', 'examine stove', 'take knife', 'examine cookbook', 'examine toaster', 'open dishwasher', 'examine fridge', 'open fridge']",0.18969739995934076,0.02709962856562011
18,"Qlearntab_Language_{'alpha': 0.05, 'gamma': 0.95, 'epsilon': 0.1, 'epsilon_step': 0}",,18,0,0.25,4.75,0.008008718490600586,['open fridge'],0.19645190105512372,0.028064557293589105
19,"Qlearntab_Language_{'alpha': 0.05, 'gamma': 0.95, 'epsilon': 0.1, 'epsilon_step': 0}",,19,0,0.25,5.0,0.008008480072021484,['open fridge'],0.20286867709611756,0.028981239585159652
20,"Qlearntab_Language_{'alpha': 0.05, 'gamma': 0.95, 'epsilon': 0.1, 'epsilon_step': 0}",,20,0,0.25,5.25,0.008007049560546875,['open fridge'],0.20896461433506167,0.029852087762151668
21,"Qlearntab_Language_{'alpha': 0.05, 'gamma': 0.95, 'epsilon': 0.1, 'epsilon_step': 0}",,21,0,0.25,5.5,0.008979082107543945,['open fridge'],0.21475575471205857,0.030679393530294082
22,"Qlearntab_Language_{'alpha': 0.05, 'gamma': 0.95, 'epsilon': 0.1, 'epsilon_step': 0}",,22,0,0.25,5.75,0.007010936737060547,['open fridge'],0.22025733807020564,0.03146533401002938
23,"Qlearntab_Language_{'alpha': 0.05, 'gamma': 0.95, 'epsilon': 0.1, 'epsilon_step': 0}",,23,0,0.25,6.0,0.007010936737060547,['open fridge'],0.22548384226044535,0.032211977465777905
24,"Qlearntab_Language_{'alpha': 0.05, 'gamma': 0.95, 'epsilon': 0.1, 'epsilon_step': 0}",,24,0,0.25,6.25,0.008975744247436523,['open fridge'],0.23044902124117309,0.032921288748739015
25,"Qlearntab_Language_{'alpha': 0.05, 'gamma': 0.95, 'epsilon': 0.1, 'epsilon_step': 0}",,25,0,0.25,6.5,0.007978677749633789,['open fridge'],0.23516594127286444,0.033595134467552065
26,"Qlearntab_Language_{'alpha': 0.05, 'gamma': 0.95, 'epsilon': 0.1, 'epsilon_step': 0}",,26,0,0.25,6.75,0.007979631423950195,['open fridge'],0.23964701530297122,0.03423528790042446
27,"Qlearntab_Language_{'alpha': 0.05, 'gamma': 0.95, 'epsilon': 0.1, 'epsilon_step': 0}",,27,0,0.25,7.0,0.008006811141967773,['open fridge'],0.24390403563157267,0.03484343366165324
28,"Qlearntab_Language_{'alpha': 0.05, 'gamma': 0.95, 'epsilon': 0.1, 'epsilon_step': 0}",,28,3,0.25,7.25,0.013961315155029297,"['take cookbook', 'examine toaster', 'examine fridge', 'open fridge']",0.2562881020378227,0.03203601275472784
29,"Qlearntab_Language_{'alpha': 0.05, 'gamma': 0.95, 'epsilon': 0.1, 'epsilon_step': 0}",,29,0,0.25,7.5,0.007976770401000977,['open fridge'],0.26033227134999404,0.032541533918749255
30,"Qlearntab_Language_{'alpha': 0.05, 'gamma': 0.95, 'epsilon': 0.1, 'epsilon_step': 0}",,30,0,0.25,7.75,0.008007526397705078,['open fridge'],0.26417423219655684,0.033021779024569604
31,"Qlearntab_Language_{'alpha': 0.05, 'gamma': 0.95, 'epsilon': 0.1, 'epsilon_step': 0}",,31,0,0.25,8.0,0.007978200912475586,['open fridge'],0.2678240950007915,0.03347801187509894
32,"Qlearntab_Language_{'alpha': 0.05, 'gamma': 0.95, 'epsilon': 0.1, 'epsilon_step': 0}",,32,0,0.25,8.25,0.008005619049072266,['open fridge'],0.27129146466481446,0.03391143308310181
33,"Qlearntab_Language_{'alpha': 0.05, 'gamma': 0.95, 'epsilon': 0.1, 'epsilon_step': 0}",,33,3,0.25,8.5,0.01199483871459961,"['examine stove', 'examine dining chair', 'examine fridge', 'open fridge']",0.28364718321950194,0.03151635369105577
34,"Qlearntab_Language_{'alpha': 0.05, 'gamma': 0.95, 'epsilon': 0.1, 'epsilon_step': 0}",,34,0,0.25,8.75,0.009006738662719727,['open fridge'],0.28694118440032373,0.031882353822258194
35,"Qlearntab_Language_{'alpha': 0.05, 'gamma': 0.95, 'epsilon': 0.1, 'epsilon_step': 0}",,35,0,0.25,9.0,0.007981538772583008,['open fridge'],0.29007048552210446,0.0322300539469005
36,"Qlearntab_Language_{'alpha': 0.05, 'gamma': 0.95, 'epsilon': 0.1, 'epsilon_step': 0}",,36,0,0.25,9.25,0.007977962493896484,['open fridge'],0.2930433215877961,0.03256036906531068
37,"Qlearntab_Language_{'alpha': 0.05, 'gamma': 0.95, 'epsilon': 0.1, 'epsilon_step': 0}",,37,0,0.25,9.5,0.009008646011352539,['open fridge'],0.2958675158502032,0.03287416842780036
38,"Qlearntab_Language_{'alpha': 0.05, 'gamma': 0.95, 'epsilon': 0.1, 'epsilon_step': 0}",,38,3,0.25,9.75,0.012994766235351562,"['open trash can', 'examine oven', 'examine counter', 'open fridge']",0.3083675158502032,0.030836751585020323
39,"Qlearntab_Language_{'alpha': 0.05, 'gamma': 0.95, 'epsilon': 0.1, 'epsilon_step': 0}",,39,0,0.25,10.0,0.008006095886230469,['open fridge'],0.31105050039948995,0.031105050039948994
40,"Qlearntab_Language_{'alpha': 0.05, 'gamma': 0.95, 'epsilon': 0.1, 'epsilon_step': 0}",,40,0,0.25,10.25,0.008008480072021484,['open fridge'],0.3135993357213123,0.03135993357213123
41,"Qlearntab_Language_{'alpha': 0.05, 'gamma': 0.95, 'epsilon': 0.1, 'epsilon_step': 0}",,41,0,0.25,10.5,0.009972810745239258,['open fridge'],0.3160207292770436,0.03160207292770436
42,"Qlearntab_Language_{'alpha': 0.05, 'gamma': 0.95, 'epsilon': 0.1, 'epsilon_step': 0}",,42,0,0.25,10.75,0.00797891616821289,['open fridge'],0.3183210531549883,0.031832105315498835
43,"Qlearntab_Language_{'alpha': 0.05, 'gamma': 0.95, 'epsilon': 0.1, 'epsilon_step': 0}",,43,0,0.25,11.0,0.008005380630493164,['open fridge'],0.3205063608390358,0.03205063608390358
44,"Qlearntab_Language_{'alpha': 0.05, 'gamma': 0.95, 'epsilon': 0.1, 'epsilon_step': 0}",,44,0,0.25,11.25,0.008008480072021484,['open fridge'],0.32258240313888087,0.03225824031388809
45,"Qlearntab_Language_{'alpha': 0.05, 'gamma': 0.95, 'epsilon': 0.1, 'epsilon_step': 0}",,45,3,0.25,11.5,0.014984846115112305,"['take knife', 'examine dining chair', 'examine fridge', 'open fridge']",0.334907369887416,0.030446124535219634
46,"Qlearntab_Language_{'alpha': 0.05, 'gamma': 0.95, 'epsilon': 0.1, 'epsilon_step': 0}",,46,0,0.25,11.75,0.00800466537475586,['open fridge'],0.33687961007226885,0.030625419097478988
47,"Qlearntab_Language_{'alpha': 0.05, 'gamma': 0.95, 'epsilon': 0.1, 'epsilon_step': 0}",,47,0,0.25,12.0,0.008010625839233398,['open fridge'],0.33875323824787906,0.03079574893162537
48,"Qlearntab_Language_{'alpha': 0.05, 'gamma': 0.95, 'epsilon': 0.1, 'epsilon_step': 0}",,48,0,0.25,12.25,0.008008003234863281,['open fridge'],0.34053318501470875,0.030957562274064432
49,"Qlearntab_Language_{'alpha': 0.05, 'gamma': 0.95, 'epsilon': 0.1, 'epsilon_step': 0}",,49,0,0.25,12.5,0.007980585098266602,['open fridge'],0.342224134443197,0.031111284949381545
50,"Qlearntab_Language_{'alpha': 0.05, 'gamma': 0.95, 'epsilon': 0.1, 'epsilon_step': 0}",,50,2,0.25,12.75,0.01096653938293457,"['open dishwasher', 'examine fridge', 'open fridge']",0.3545313610735681,0.02954428008946401
51,"Qlearntab_Language_{'alpha': 0.05, 'gamma': 0.95, 'epsilon': 0.1, 'epsilon_step': 0}",,51,0,0.25,13.0,0.00798654556274414,['open fridge'],0.3561377630306319,0.029678146919219325
52,"Qlearntab_Language_{'alpha': 0.05, 'gamma': 0.95, 'epsilon': 0.1, 'epsilon_step': 0}",,52,0,0.25,13.25,0.008979558944702148,['open fridge'],0.3576638448898425,0.029805320407486874
53,"Qlearntab_Language_{'alpha': 0.05, 'gamma': 0.95, 'epsilon': 0.1, 'epsilon_step': 0}",,53,0,0.25,13.5,0.008008718490600586,['open fridge'],0.3591136226560926,0.02992613522134105
54,"Qlearntab_Language_{'alpha': 0.05, 'gamma': 0.95, 'epsilon': 0.1, 'epsilon_step': 0}",,54,0,0.25,13.75,0.00797724723815918,['open fridge'],0.3604909115340301,0.03004090929450251
55,"Qlearntab_Language_{'alpha': 0.05, 'gamma': 0.95, 'epsilon': 0.1, 'epsilon_step': 0}",,55,0,0.25,14.0,0.008008480072021484,['open fridge'],0.3617993359680708,0.0301499446640059
56,"Qlearntab_Language_{'alpha': 0.05, 'gamma': 0.95, 'epsilon': 0.1, 'epsilon_step': 0}",,56,0,0.25,14.25,0.007981061935424805,['open fridge'],0.36304233918040946,0.03025352826503412
57,"Qlearntab_Language_{'alpha': 0.05, 'gamma': 0.95, 'epsilon': 0.1, 'epsilon_step': 0}",,57,0,0.25,14.5,0.008001565933227539,['open fridge'],0.3642231922321312,0.03035193268601093
58,"Qlearntab_Language_{'alpha': 0.05, 'gamma': 0.95, 'epsilon': 0.1, 'epsilon_step': 0}",,58,0,0.25,14.75,0.008004903793334961,['open fridge'],0.3653450026312668,0.030445416885938898
59,"Qlearntab_Language_{'alpha': 0.05, 'gamma': 0.95, 'epsilon': 0.1, 'epsilon_step': 0}",,59,0,0.25,15.0,0.0069811344146728516,['open fridge'],0.36641072251044565,0.03053422687587047
60,"Qlearntab_Language_{'alpha': 0.05, 'gamma': 0.95, 'epsilon': 0.1, 'epsilon_step': 0}",,60,0,0.25,15.25,0.007020711898803711,['open fridge'],0.3674231563956656,0.030618596366305467
61,"Qlearntab_Language_{'alpha': 0.05, 'gamma': 0.95, 'epsilon': 0.1, 'epsilon_step': 0}",,61,0,0.25,15.5,0.007008552551269531,['open fridge'],0.3683849685866245,0.03069874738221871
62,"Qlearntab_Language_{'alpha': 0.05, 'gamma': 0.95, 'epsilon': 0.1, 'epsilon_step': 0}",,62,0,0.25,15.75,0.008008956909179688,['open fridge'],0.3692986901680355,0.030774890847336294
63,"Qlearntab_Language_{'alpha': 0.05, 'gamma': 0.95, 'epsilon': 0.1, 'epsilon_step': 0}",,63,0,0.25,16.0,0.008009195327758789,['open fridge'],0.3701667256703759,0.03084722713919799
64,"Qlearntab_Language_{'alpha': 0.05, 'gamma': 0.95, 'epsilon': 0.1, 'epsilon_step': 0}",,64,0,0.25,16.25,0.008008718490600586,['open fridge'],0.3709913593975993,0.03091594661646661
65,"Qlearntab_Language_{'alpha': 0.05, 'gamma': 0.95, 'epsilon': 0.1, 'epsilon_step': 0}",,65,2,0.25,16.5,0.010999917984008789,"['examine trash can', 'examine knife', 'open fridge']",0.38343042189759935,0.029494647838276874
66,"Qlearntab_Language_{'alpha': 0.05, 'gamma': 0.95, 'epsilon': 0.1, 'epsilon_step': 0}",,66,0,0.25,16.75,0.007010459899902344,['open fridge'],0.3842138239384616,0.029554909533727816
67,"Qlearntab_Language_{'alpha': 0.05, 'gamma': 0.95, 'epsilon': 0.1, 'epsilon_step': 0}",,67,0,0.25,17.0,0.008005619049072266,['open fridge'],0.3849580558772807,0.02961215814440621
68,"Qlearntab_Language_{'alpha': 0.05, 'gamma': 0.95, 'epsilon': 0.1, 'epsilon_step': 0}",,68,0,0.25,17.25,0.008008956909179688,['open fridge'],0.3856650762191589,0.029666544324550684
69,"Qlearntab_Language_{'alpha': 0.05, 'gamma': 0.95, 'epsilon': 0.1, 'epsilon_step': 0}",,69,0,0.25,17.5,0.007980823516845703,['open fridge'],0.38633674554394315,0.029718211195687936
70,"Qlearntab_Language_{'alpha': 0.05, 'gamma': 0.95, 'epsilon': 0.1, 'epsilon_step': 0}",,70,0,0.25,17.75,0.00698089599609375,['open fridge'],0.38697483140248823,0.029767294723268327
71,"Qlearntab_Language_{'alpha': 0.05, 'gamma': 0.95, 'epsilon': 0.1, 'epsilon_step': 0}",,71,0,0.25,18.0,0.008009672164916992,['open fridge'],0.387581012968106,0.029813924074469693
72,"Qlearntab_Language_{'alpha': 0.05, 'gamma': 0.95, 'epsilon': 0.1, 'epsilon_step': 0}",,72,0,0.25,18.25,0.00698399543762207,['open fridge'],0.3881568854554429,0.029858221958110994
73,"Qlearntab_Language_{'alpha': 0.05, 'gamma': 0.95, 'epsilon': 0.1, 'epsilon_step': 0}",,73,0,0.25,18.5,0.007014751434326172,['open fridge'],0.388703964318413,0.02990030494757023
74,"Qlearntab_Language_{'alpha': 0.05, 'gamma': 0.95, 'epsilon': 0.1, 'epsilon_step': 0}",,74,0,0.25,18.75,0.00797891616821289,['open fridge'],0.3892236892382345,0.0299402837875565
75,"Qlearntab_Language_{'alpha': 0.05, 'gamma': 0.95, 'epsilon': 0.1, 'epsilon_step': 0}",,75,1,0.25,19.0,0.009003639221191406,"['examine knife', 'open fridge']",0.40163454861323455,0.028688182043802468
76,"Qlearntab_Language_{'alpha': 0.05, 'gamma': 0.95, 'epsilon': 0.1, 'epsilon_step': 0}",,76,0,0.25,19.25,0.008008480072021484,['open fridge'],0.40212828728706507,0.02872344909193322
77,"Qlearntab_Language_{'alpha': 0.05, 'gamma': 0.95, 'epsilon': 0.1, 'epsilon_step': 0}",,77,0,0.25,19.5,0.007010936737060547,['open fridge'],0.402597339027204,0.02875695278765743
78,"Qlearntab_Language_{'alpha': 0.05, 'gamma': 0.95, 'epsilon': 0.1, 'epsilon_step': 0}",,78,0,0.25,19.75,0.009972572326660156,['open fridge'],0.403042938180336,0.02878878129859543
79,"Qlearntab_Language_{'alpha': 0.05, 'gamma': 0.95, 'epsilon': 0.1, 'epsilon_step': 0}",,79,0,0.25,20.0,0.008972644805908203,['open fridge'],0.4034662573758114,0.02881901838398653
80,"Qlearntab_Language_{'alpha': 0.05, 'gamma': 0.95, 'epsilon': 0.1, 'epsilon_step': 0}",,80,0,0.25,20.25,0.007956743240356445,['open fridge'],0.403868410611513,0.028847743615108074
81,"Qlearntab_Language_{'alpha': 0.05, 'gamma': 0.95, 'epsilon': 0.1, 'epsilon_step': 0}",,81,0,0.25,20.5,0.008008480072021484,['open fridge'],0.40425045618542954,0.028875032584673537
82,"Qlearntab_Language_{'alpha': 0.05, 'gamma': 0.95, 'epsilon': 0.1, 'epsilon_step': 0}",,82,0,0.25,20.75,0.009005308151245117,['open fridge'],0.4046133994806502,0.02890095710576073
83,"Qlearntab_Language_{'alpha': 0.05, 'gamma': 0.95, 'epsilon': 0.1, 'epsilon_step': 0}",,83,0,0.25,21.0,0.008008718490600586,['open fridge'],0.4049581956111099,0.028925585400793565
84,"Qlearntab_Language_{'alpha': 0.05, 'gamma': 0.95, 'epsilon': 0.1, 'epsilon_step': 0}",,84,0,0.25,21.25,0.007010459899902344,['open fridge'],0.4052857519350466,0.02894898228107476
85,"Qlearntab_Language_{'alpha': 0.05, 'gamma': 0.95, 'epsilon': 0.1, 'epsilon_step': 0}",,85,0,0.25,21.5,0.0070116519927978516,['open fridge'],0.4055969304427865,0.028971209317341894
86,"Qlearntab_Language_{'alpha': 0.05, 'gamma': 0.95, 'epsilon': 0.1, 'epsilon_step': 0}",,86,0,0.25,21.75,0.008008003234863281,['open fridge'],0.40589255002513935,0.028992325001795667
87,"Qlearntab_Language_{'alpha': 0.05, 'gamma': 0.95, 'epsilon': 0.1, 'epsilon_step': 0}",,87,0,0.25,22.0,0.008008241653442383,['open fridge'],0.4061733886283746,0.029012384902026758
88,"Qlearntab_Language_{'alpha': 0.05, 'gamma': 0.95, 'epsilon': 0.1, 'epsilon_step': 0}",,88,0,0.25,22.25,0.008008956909179688,['open fridge'],0.4064401853014481,0.029031441807246292
89,"Qlearntab_Language_{'alpha': 0.05, 'gamma': 0.95, 'epsilon': 0.1, 'epsilon_step': 0}",,89,0,0.25,22.5,0.008006095886230469,['open fridge'],0.4066936421408679,0.02904954586720485
90,"Qlearntab_Language_{'alpha': 0.05, 'gamma': 0.95, 'epsilon': 0.1, 'epsilon_step': 0}",,90,0,0.25,22.75,0.008005857467651367,['open fridge'],0.4069344261383167,0.02906674472416548
91,"Qlearntab_Language_{'alpha': 0.05, 'gamma': 0.95, 'epsilon': 0.1, 'epsilon_step': 0}",,91,0,0.25,23.0,0.007978439331054688,['open fridge'],0.40716317093589305,0.029083083638278075
92,"Qlearntab_Language_{'alpha': 0.05, 'gamma': 0.95, 'epsilon': 0.1, 'epsilon_step': 0}",,92,0,0.25,23.25,0.008005380630493164,['open fridge'],0.4073804784935906,0.029098605606685042
93,"Qlearntab_Language_{'alpha': 0.05, 'gamma': 0.95, 'epsilon': 0.1, 'epsilon_step': 0}",,93,0,0.25,23.5,0.007979154586791992,['open fridge'],0.4075869206734033,0.029113351476671663
94,"Qlearntab_Language_{'alpha': 0.05, 'gamma': 0.95, 'epsilon': 0.1, 'epsilon_step': 0}",,94,0,0.25,23.75,0.008008956909179688,['open fridge'],0.40778304074422533,0.02912736005315895
95,"Qlearntab_Language_{'alpha': 0.05, 'gamma': 0.95, 'epsilon': 0.1, 'epsilon_step': 0}",,95,0,0.25,24.0,0.00800943374633789,['open fridge'],0.40796935481150626,0.029140668200821875
96,"Qlearntab_Language_{'alpha': 0.05, 'gamma': 0.95, 'epsilon': 0.1, 'epsilon_step': 0}",,96,0,0.25,24.25,0.008009672164916992,['open fridge'],0.40814635317542314,0.029153310941101653
97,"Qlearntab_Language_{'alpha': 0.05, 'gamma': 0.95, 'epsilon': 0.1, 'epsilon_step': 0}",,97,0,0.25,24.5,0.009974479675292969,['open fridge'],0.4083145016211442,0.02916532154436744
98,"Qlearntab_Language_{'alpha': 0.05, 'gamma': 0.95, 'epsilon': 0.1, 'epsilon_step': 0}",,98,0,0.25,24.75,0.00897526741027832,['open fridge'],0.4084742426445792,0.029176731617469944
99,"Qlearntab_Language_{'alpha': 0.05, 'gamma': 0.95, 'epsilon': 0.1, 'epsilon_step': 0}",,99,1,0.25,25.0,0.00897669792175293,"['examine counter', 'open fridge']",0.42094299264457924,0.02806286617630528
100,"Qlearntab_Language_{'alpha': 0.05, 'gamma': 0.95, 'epsilon': 0.1, 'epsilon_step': 0}",,100,0,0.25,25.25,0.007979631423950195,['open fridge'],0.4210947466168425,0.0280729831077895
101,"Qlearntab_Language_{'alpha': 0.05, 'gamma': 0.95, 'epsilon': 0.1, 'epsilon_step': 0}",,101,0,0.25,25.5,0.00701141357421875,['open fridge'],0.42123891289049253,0.0280825941926995
102,"Qlearntab_Language_{'alpha': 0.05, 'gamma': 0.95, 'epsilon': 0.1, 'epsilon_step': 0}",,102,0,0.25,25.75,0.007010936737060547,['open fridge'],0.42137587085046013,0.02809172472336401
103,"Qlearntab_Language_{'alpha': 0.05, 'gamma': 0.95, 'epsilon': 0.1, 'epsilon_step': 0}",,103,0,0.25,26.0,0.008008241653442383,['open fridge'],0.4215059809124293,0.02810039872749529
104,"Qlearntab_Language_{'alpha': 0.05, 'gamma': 0.95, 'epsilon': 0.1, 'epsilon_step': 0}",,104,0,0.25,26.25,0.007010698318481445,['open fridge'],0.42162958547130003,0.028108639031420003
105,"Qlearntab_Language_{'alpha': 0.05, 'gamma': 0.95, 'epsilon': 0.1, 'epsilon_step': 0}",,105,0,0.25,26.5,0.007014036178588867,['open fridge'],0.42174700980222724,0.028116467320148483
106,"Qlearntab_Language_{'alpha': 0.05, 'gamma': 0.95, 'epsilon': 0.1, 'epsilon_step': 0}",,106,0,0.25,26.75,0.008009910583496094,['open fridge'],0.42185856291660806,0.028123904194440538
107,"Qlearntab_Language_{'alpha': 0.05, 'gamma': 0.95, 'epsilon': 0.1, 'epsilon_step': 0}",,107,0,0.25,27.0,0.008011817932128906,['open fridge'],0.42196453837526987,0.028130969225017993
108,"Qlearntab_Language_{'alpha': 0.05, 'gamma': 0.95, 'epsilon': 0.1, 'epsilon_step': 0}",,108,0,0.25,27.25,0.008008956909179688,['open fridge'],0.4220652150609986,0.02813768100406657
109,"Qlearntab_Language_{'alpha': 0.05, 'gamma': 0.95, 'epsilon': 0.1, 'epsilon_step': 0}",,109,0,0.25,27.5,0.008009195327758789,['open fridge'],0.42216085791244085,0.028144057194162724
110,"Qlearntab_Language_{'alpha': 0.05, 'gamma': 0.95, 'epsilon': 0.1, 'epsilon_step': 0}",,110,0,0.25,27.75,0.00800776481628418,['open fridge'],0.422251718621311,0.028150114574754068
111,"Qlearntab_Language_{'alpha': 0.05, 'gamma': 0.95, 'epsilon': 0.1, 'epsilon_step': 0}",,111,0,0.25,28.0,0.007010936737060547,['open fridge'],0.42233803629473765,0.028155869086315843
112,"Qlearntab_Language_{'alpha': 0.05, 'gamma': 0.95, 'epsilon': 0.1, 'epsilon_step': 0}",,112,0,0.25,28.25,0.0069811344146728516,['open fridge'],0.42242003808449297,0.02816133587229953
113,"Qlearntab_Language_{'alpha': 0.05, 'gamma': 0.95, 'epsilon': 0.1, 'epsilon_step': 0}",,113,0,0.25,28.5,0.006980419158935547,['open fridge'],0.4224979397847605,0.028166529318984036
114,"Qlearntab_Language_{'alpha': 0.05, 'gamma': 0.95, 'epsilon': 0.1, 'epsilon_step': 0}",,114,0,0.25,28.75,0.0069806575775146484,['open fridge'],0.4225719464000147,0.028171463093334313
115,"Qlearntab_Language_{'alpha': 0.05, 'gamma': 0.95, 'epsilon': 0.1, 'epsilon_step': 0}",,115,0,0.25,29.0,0.00800943374633789,['open fridge'],0.42264225268450617,0.028176150178967078
116,"Qlearntab_Language_{'alpha': 0.05, 'gamma': 0.95, 'epsilon': 0.1, 'epsilon_step': 0}",,116,7,0.25,29.25,0.019946813583374023,"['open trash can', 'inventory', 'read cookbook', 'close trash can', 'examine stove', 'examine dining chair', 'examine fridge', 'open fridge']",0.43491489610538026,0.027182181006586266
117,"Qlearntab_Language_{'alpha': 0.05, 'gamma': 0.95, 'epsilon': 0.1, 'epsilon_step': 0}",,117,0,0.25,29.5,0.007014036178588867,['open fridge'],0.43498168707564716,0.027186355442227948
118,"Qlearntab_Language_{'alpha': 0.05, 'gamma': 0.95, 'epsilon': 0.1, 'epsilon_step': 0}",,118,0,0.25,29.75,0.007010221481323242,['open fridge'],0.4350451384974007,0.027190321156087542
119,"Qlearntab_Language_{'alpha': 0.05, 'gamma': 0.95, 'epsilon': 0.1, 'epsilon_step': 0}",,119,0,0.25,30.0,0.0070116519927978516,['open fridge'],0.4351054173480665,0.027194088584254157
120,"Qlearntab_Language_{'alpha': 0.05, 'gamma': 0.95, 'epsilon': 0.1, 'epsilon_step': 0}",,120,0,0.25,30.25,0.007015228271484375,['open fridge'],0.4351626822561991,0.027197667641012443
121,"Qlearntab_Language_{'alpha': 0.05, 'gamma': 0.95, 'epsilon': 0.1, 'epsilon_step': 0}",,121,0,0.25,30.5,0.008008956909179688,['open fridge'],0.435217083918925,0.027201067744932812
122,"Qlearntab_Language_{'alpha': 0.05, 'gamma': 0.95, 'epsilon': 0.1, 'epsilon_step': 0}",,122,0,0.25,30.75,0.006982326507568359,['open fridge'],0.4352687654985147,0.027204297843657167
123,"Qlearntab_Language_{'alpha': 0.05, 'gamma': 0.95, 'epsilon': 0.1, 'epsilon_step': 0}",,123,0,0.25,31.0,0.006957054138183594,['open fridge'],0.43531786299912484,0.027207366437445302
124,"Qlearntab_Language_{'alpha': 0.05, 'gamma': 0.95, 'epsilon': 0.1, 'epsilon_step': 0}",,124,2,0.25,31.25,0.01695394515991211,"['examine cookbook', 'look around', 'open fridge']",0.44781786299912485,0.026342227235242637
125,"Qlearntab_Language_{'alpha': 0.05, 'gamma': 0.95, 'epsilon': 0.1, 'epsilon_step': 0}",,125,0,0.25,31.5,0.00698089599609375,['open fridge'],0.4478645056247045,0.026344970919100263
126,"Qlearntab_Language_{'alpha': 0.05, 'gamma': 0.95, 'epsilon': 0.1, 'epsilon_step': 0}",,126,1,0.25,31.75,0.007952213287353516,"['examine knife', 'open fridge']",0.46016388843720446,0.02706846402571791
127,"Qlearntab_Language_{'alpha': 0.05, 'gamma': 0.95, 'epsilon': 0.1, 'epsilon_step': 0}",,127,0,0.25,32.0,0.007978677749633789,['open fridge'],0.4602081989315051,0.027071070525382653
128,"Qlearntab_Language_{'alpha': 0.05, 'gamma': 0.95, 'epsilon': 0.1, 'epsilon_step': 0}",,128,0,0.25,32.25,0.00698089599609375,['open fridge'],0.46025029390109073,0.02707354670006416
129,"Qlearntab_Language_{'alpha': 0.05, 'gamma': 0.95, 'epsilon': 0.1, 'epsilon_step': 0}",,129,0,0.25,32.5,0.007978677749633789,['open fridge'],0.4602902841221971,0.027075899066011593
130,"Qlearntab_Language_{'alpha': 0.05, 'gamma': 0.95, 'epsilon': 0.1, 'epsilon_step': 0}",,130,0,0.25,32.75,0.007978200912475586,['open fridge'],0.46032827483224814,0.027078133813661656
131,"Qlearntab_Language_{'alpha': 0.05, 'gamma': 0.95, 'epsilon': 0.1, 'epsilon_step': 0}",,131,0,0.25,33.0,0.008976221084594727,['open fridge'],0.46036436600679664,0.027080256823929214
132,"Qlearntab_Language_{'alpha': 0.05, 'gamma': 0.95, 'epsilon': 0.1, 'epsilon_step': 0}",,132,0,0.25,33.25,0.0069806575775146484,['open fridge'],0.4603986526226177,0.027082273683683395
133,"Qlearntab_Language_{'alpha': 0.05, 'gamma': 0.95, 'epsilon': 0.1, 'epsilon_step': 0}",,133,2,0.25,33.5,0.011968135833740234,"['open trash can', 'examine cookbook', 'open fridge']",0.4728986526226177,0.026272147367923205
134,"Qlearntab_Language_{'alpha': 0.05, 'gamma': 0.95, 'epsilon': 0.1, 'epsilon_step': 0}",,134,0,0.25,33.75,0.007978677749633789,['open fridge'],0.4729312249076477,0.026273956939313763
135,"Qlearntab_Language_{'alpha': 0.05, 'gamma': 0.95, 'epsilon': 0.1, 'epsilon_step': 0}",,135,0,0.25,34.0,0.007978200912475586,['open fridge'],0.4729621685784262,0.02627567603213479
136,"Qlearntab_Language_{'alpha': 0.05, 'gamma': 0.95, 'epsilon': 0.1, 'epsilon_step': 0}",,136,0,0.25,34.25,0.006981372833251953,['open fridge'],0.4729915650656658,0.026277309170314768
137,"Qlearntab_Language_{'alpha': 0.05, 'gamma': 0.95, 'epsilon': 0.1, 'epsilon_step': 0}",,137,0,0.25,34.5,0.007978200912475586,['open fridge'],0.4730194917285434,0.026278860651585745
138,"Qlearntab_Language_{'alpha': 0.05, 'gamma': 0.95, 'epsilon': 0.1, 'epsilon_step': 0}",,138,0,0.25,34.75,0.008977174758911133,['open fridge'],0.47304602205827717,0.026280334558793177
139,"Qlearntab_Language_{'alpha': 0.05, 'gamma': 0.95, 'epsilon': 0.1, 'epsilon_step': 0}",,139,0,0.25,35.0,0.00698089599609375,['open fridge'],0.47307122587152417,0.026281734770640233
140,"Qlearntab_Language_{'alpha': 0.05, 'gamma': 0.95, 'epsilon': 0.1, 'epsilon_step': 0}",,140,0,0.25,35.25,0.00698089599609375,['open fridge'],0.47309516949410885,0.026283064971894934
141,"Qlearntab_Language_{'alpha': 0.05, 'gamma': 0.95, 'epsilon': 0.1, 'epsilon_step': 0}",,141,0,0.25,35.5,0.007976055145263672,['open fridge'],0.4731179159355643,0.026284328663086904
142,"Qlearntab_Language_{'alpha': 0.05, 'gamma': 0.95, 'epsilon': 0.1, 'epsilon_step': 0}",,142,0,0.25,35.75,0.007011890411376953,['open fridge'],0.47313952505494694,0.026285529169719275
143,"Qlearntab_Language_{'alpha': 0.05, 'gamma': 0.95, 'epsilon': 0.1, 'epsilon_step': 0}",,143,9,0.25,36.0,0.029970884323120117,"['open kitchen cupboard', 'examine knife', 'take cookbook', 'inventory', 'look around', 'read cookbook', 'put cookbook in dining chair', 'open cutlery drawer', 'examine knife', 'open fridge']",0.48818300513307195,0.0244091502566536
144,"Qlearntab_Language_{'alpha': 0.05, 'gamma': 0.95, 'epsilon': 0.1, 'epsilon_step': 0}",,144,0,0.25,36.25,0.007013082504272461,['open fridge'],0.4882035337964855,0.024410176689824276
145,"Qlearntab_Language_{'alpha': 0.05, 'gamma': 0.95, 'epsilon': 0.1, 'epsilon_step': 0}",,145,0,0.25,36.5,0.007005929946899414,['open fridge'],0.4882230360267284,0.02441115180133642
146,"Qlearntab_Language_{'alpha': 0.05, 'gamma': 0.95, 'epsilon': 0.1, 'epsilon_step': 0}",,146,4,0.25,36.75,0.014987707138061523,"['examine cutlery drawer', 'open dishwasher', 'examine fridge', 'examine cookbook', 'open fridge']",0.5050695962040234,0.022957708918364697
147,"Qlearntab_Language_{'alpha': 0.05, 'gamma': 0.95, 'epsilon': 0.1, 'epsilon_step': 0}",,147,0,0.25,37.0,0.0070111751556396484,['open fridge'],0.5050881233227541,0.022958551060125187
148,"Qlearntab_Language_{'alpha': 0.05, 'gamma': 0.95, 'epsilon': 0.1, 'epsilon_step': 0}",,148,0,0.25,37.25,0.008008480072021484,['open fridge'],0.5051057240855483,0.022959351094797652
149,"Qlearntab_Language_{'alpha': 0.05, 'gamma': 0.95, 'epsilon': 0.1, 'epsilon_step': 0}",,149,0,0.25,37.5,0.0070111751556396484,['open fridge'],0.5051224448102027,0.02296011112773649
150,"Qlearntab_Language_{'alpha': 0.05, 'gamma': 0.95, 'epsilon': 0.1, 'epsilon_step': 0}",,150,0,0.25,37.75,0.007977962493896484,['open fridge'],0.5051383294986245,0.022960833159028384
151,"Qlearntab_Language_{'alpha': 0.05, 'gamma': 0.95, 'epsilon': 0.1, 'epsilon_step': 0}",,151,0,0.25,38.0,0.006949663162231445,['open fridge'],0.5051534199526251,0.022961519088755687
152,"Qlearntab_Language_{'alpha': 0.05, 'gamma': 0.95, 'epsilon': 0.1, 'epsilon_step': 0}",,152,2,0.25,38.25,0.00997304916381836,"['open kitchen cupboard', 'examine knife', 'open fridge']",0.5174783161933477,0.02352174164515217
153,"Qlearntab_Language_{'alpha': 0.05, 'gamma': 0.95, 'epsilon': 0.1, 'epsilon_step': 0}",,153,3,0.25,38.5,0.012965202331542969,"['take knife', 'examine dining chair', 'examine fridge', 'open fridge']",0.5297207662330071,0.023031337662304658
154,"Qlearntab_Language_{'alpha': 0.05, 'gamma': 0.95, 'epsilon': 0.1, 'epsilon_step': 0}",,154,0,0.25,38.75,0.007006406784057617,['open fridge'],0.5297351021643077,0.023031960963665554
155,"Qlearntab_Language_{'alpha': 0.05, 'gamma': 0.95, 'epsilon': 0.1, 'epsilon_step': 0}",,155,0,0.25,39.0,0.007955789566040039,['open fridge'],0.5297487212990434,0.023032553099958407
156,"Qlearntab_Language_{'alpha': 0.05, 'gamma': 0.95, 'epsilon': 0.1, 'epsilon_step': 0}",,156,0,0.25,39.25,0.007978677749633789,['open fridge'],0.5297616594770422,0.023033115629436617
157,"Qlearntab_Language_{'alpha': 0.05, 'gamma': 0.95, 'epsilon': 0.1, 'epsilon_step': 0}",,157,0,0.25,39.5,0.006974220275878906,['open fridge'],0.5297739507461411,0.023033650032440917
158,"Qlearntab_Language_{'alpha': 0.05, 'gamma': 0.95, 'epsilon': 0.1, 'epsilon_step': 0}",,158,0,0.25,39.75,0.006980180740356445,['open fridge'],0.529785627451785,0.023034157715295
159,"Qlearntab_Language_{'alpha': 0.05, 'gamma': 0.95, 'epsilon': 0.1, 'epsilon_step': 0}",,159,0,0.25,40.0,0.007008552551269531,['open fridge'],0.5297967203221468,0.02303464001400638
160,"Qlearntab_Language_{'alpha': 0.05, 'gamma': 0.95, 'epsilon': 0.1, 'epsilon_step': 0}",,160,0,0.25,40.25,0.00698089599609375,['open fridge'],0.5298072585489904,0.02303509819778219
161,"Qlearntab_Language_{'alpha': 0.05, 'gamma': 0.95, 'epsilon': 0.1, 'epsilon_step': 0}",,161,0,0.25,40.5,0.009003639221191406,['open fridge'],0.5298172698644918,0.02303553347236921
162,"Qlearntab_Language_{'alpha': 0.05, 'gamma': 0.95, 'epsilon': 0.1, 'epsilon_step': 0}",,162,0,0.25,40.75,0.007978439331054688,['open fridge'],0.5298267806142183,0.023035946983226883
163,"Qlearntab_Language_{'alpha': 0.05, 'gamma': 0.95, 'epsilon': 0.1, 'epsilon_step': 0}",,163,5,0.25,41.0,0.016927242279052734,"['take cookbook', 'inventory', 'examine stove', 'examine dining chair', 'examine fridge', 'open fridge']",0.5420393770036972,0.022584974041820718
164,"Qlearntab_Language_{'alpha': 0.05, 'gamma': 0.95, 'epsilon': 0.1, 'epsilon_step': 0}",,164,0,0.25,41.25,0.00701141357421875,['open fridge'],0.5420484122159372,0.022585350508997386
165,"Qlearntab_Language_{'alpha': 0.05, 'gamma': 0.95, 'epsilon': 0.1, 'epsilon_step': 0}",,165,6,0.25,41.5,0.018948793411254883,"['take knife', 'examine dining chair', 'examine fridge', 'examine cutlery drawer', 'open dishwasher', 'examine fridge', 'open fridge']",0.559327587762628,0.022373103510505123
166,"Qlearntab_Language_{'alpha': 0.05, 'gamma': 0.95, 'epsilon': 0.1, 'epsilon_step': 0}",,166,0,0.25,41.75,0.006980419158935547,['open fridge'],0.5593361712142562,0.022373446848570247
167,"Qlearntab_Language_{'alpha': 0.05, 'gamma': 0.95, 'epsilon': 0.1, 'epsilon_step': 0}",,167,0,0.25,42.0,0.007009983062744141,['open fridge'],0.5593443254933028,0.02237377301973211
168,"Qlearntab_Language_{'alpha': 0.05, 'gamma': 0.95, 'epsilon': 0.1, 'epsilon_step': 0}",,168,0,0.25,42.25,0.007977724075317383,['open fridge'],0.5593520720583971,0.022374082882335885
169,"Qlearntab_Language_{'alpha': 0.05, 'gamma': 0.95, 'epsilon': 0.1, 'epsilon_step': 0}",,169,0,0.25,42.5,0.0069811344146728516,['open fridge'],0.5593594312952367,0.022374377251809466
170,"Qlearntab_Language_{'alpha': 0.05, 'gamma': 0.95, 'epsilon': 0.1, 'epsilon_step': 0}",,170,0,0.25,42.75,0.007978677749633789,['open fridge'],0.5593664225702344,0.022374656902809376
171,"Qlearntab_Language_{'alpha': 0.05, 'gamma': 0.95, 'epsilon': 0.1, 'epsilon_step': 0}",,171,0,0.25,43.0,0.006979465484619141,['open fridge'],0.5593730642814821,0.022374922571259285
172,"Qlearntab_Language_{'alpha': 0.05, 'gamma': 0.95, 'epsilon': 0.1, 'epsilon_step': 0}",,172,0,0.25,43.25,0.007978439331054688,['open fridge'],0.5593793739071675,0.0223751749562867
173,"Qlearntab_Language_{'alpha': 0.05, 'gamma': 0.95, 'epsilon': 0.1, 'epsilon_step': 0}",,173,0,0.25,43.5,0.0069811344146728516,['open fridge'],0.5593853680515686,0.022375414722062743
174,"Qlearntab_Language_{'alpha': 0.05, 'gamma': 0.95, 'epsilon': 0.1, 'epsilon_step': 0}",,174,0,0.25,43.75,0.007978200912475586,['open fridge'],0.5593910624887496,0.022375642499549982
175,"Qlearntab_Language_{'alpha': 0.05, 'gamma': 0.95, 'epsilon': 0.1, 'epsilon_step': 0}",,175,0,0.25,44.0,0.00698089599609375,['open fridge'],0.5593964722040716,0.022375858888162865
176,"Qlearntab_Language_{'alpha': 0.05, 'gamma': 0.95, 'epsilon': 0.1, 'epsilon_step': 0}",,176,0,0.25,44.25,0.007977485656738281,['open fridge'],0.5594016114336275,0.0223760644573451
177,"Qlearntab_Language_{'alpha': 0.05, 'gamma': 0.95, 'epsilon': 0.1, 'epsilon_step': 0}",,177,2,0.25,44.5,0.011968612670898438,"['open trash can', 'read cookbook', 'open fridge']",0.5719016114336275,0.021996215824370287
178,"Qlearntab_Language_{'alpha': 0.05, 'gamma': 0.95, 'epsilon': 0.1, 'epsilon_step': 0}",,178,0,0.25,44.75,0.007950067520141602,['open fridge'],0.5719064937017055,0.02199640360391175
179,"Qlearntab_Language_{'alpha': 0.05, 'gamma': 0.95, 'epsilon': 0.1, 'epsilon_step': 0}",,179,0,0.25,45.0,0.007976770401000977,['open fridge'],0.5719111318563798,0.021996581994476145
180,"Qlearntab_Language_{'alpha': 0.05, 'gamma': 0.95, 'epsilon': 0.1, 'epsilon_step': 0}",,180,3,0.25,45.25,0.012994527816772461,"['examine dishwasher', 'open cutlery drawer', 'examine knife', 'open fridge']",0.5842158767880203,0.021637625066222976
181,"Qlearntab_Language_{'alpha': 0.05, 'gamma': 0.95, 'epsilon': 0.1, 'epsilon_step': 0}",,181,0,0.25,45.5,0.00701141357421875,['open fridge'],0.5842202830349608,0.0216377882605541
182,"Qlearntab_Language_{'alpha': 0.05, 'gamma': 0.95, 'epsilon': 0.1, 'epsilon_step': 0}",,182,0,0.25,45.75,0.00800776481628418,['open fridge'],0.5842244689695542,0.021637943295168674
183,"Qlearntab_Language_{'alpha': 0.05, 'gamma': 0.95, 'epsilon': 0.1, 'epsilon_step': 0}",,183,0,0.25,46.0,0.008946657180786133,['open fridge'],0.5842284456074179,0.021638090578052518
184,"Qlearntab_Language_{'alpha': 0.05, 'gamma': 0.95, 'epsilon': 0.1, 'epsilon_step': 0}",,184,0,0.25,46.25,0.0069811344146728516,['open fridge'],0.5842322234133885,0.021638230496792168
185,"Qlearntab_Language_{'alpha': 0.05, 'gamma': 0.95, 'epsilon': 0.1, 'epsilon_step': 0}",,185,0,0.25,46.5,0.007950544357299805,['open fridge'],0.5842358123290606,0.02163836341959484
186,"Qlearntab_Language_{'alpha': 0.05, 'gamma': 0.95, 'epsilon': 0.1, 'epsilon_step': 0}",,186,4,0.25,46.75,0.014961004257202148,"['open cutlery drawer', 'examine knife', 'close cutlery drawer', 'read cookbook', 'open fridge']",0.6006861090114836,0.02071331410384426
187,"Qlearntab_Language_{'alpha': 0.05, 'gamma': 0.95, 'epsilon': 0.1, 'epsilon_step': 0}",,187,0,0.25,47.0,0.00701451301574707,['open fridge'],0.6006895184813721,0.020713431671771452
188,"Qlearntab_Language_{'alpha': 0.05, 'gamma': 0.95, 'epsilon': 0.1, 'epsilon_step': 0}",,188,0,0.25,47.25,0.00798654556274414,['open fridge'],0.6006927574777661,0.020713543361302277
189,"Qlearntab_Language_{'alpha': 0.05, 'gamma': 0.95, 'epsilon': 0.1, 'epsilon_step': 0}",,189,0,0.25,47.5,0.008014678955078125,['open fridge'],0.6006958345243404,0.020713649466356565
190,"Qlearntab_Language_{'alpha': 0.05, 'gamma': 0.95, 'epsilon': 0.1, 'epsilon_step': 0}",,190,5,0.25,47.75,0.014960050582885742,"['open trash can', 'examine knife', 'examine stove', 'examine dining chair', 'examine fridge', 'open fridge']",0.6168465403503829,0.01989827549517364
191,"Qlearntab_Language_{'alpha': 0.05, 'gamma': 0.95, 'epsilon': 0.1, 'epsilon_step': 0}",,191,0,0.25,48.0,0.006983757019042969,['open fridge'],0.6168494635446286,0.01989836979176221
192,"Qlearntab_Language_{'alpha': 0.05, 'gamma': 0.95, 'epsilon': 0.1, 'epsilon_step': 0}",,192,0,0.25,48.25,0.007979393005371094,['open fridge'],0.6168522405791619,0.01989845937352135
193,"Qlearntab_Language_{'alpha': 0.05, 'gamma': 0.95, 'epsilon': 0.1, 'epsilon_step': 0}",,193,0,0.25,48.5,0.007010698318481445,['open fridge'],0.6168548787619685,0.019898544476192534
194,"Qlearntab_Language_{'alpha': 0.05, 'gamma': 0.95, 'epsilon': 0.1, 'epsilon_step': 0}",,194,0,0.25,48.75,0.007010936737060547,['open fridge'],0.6168573850356349,0.01989862532373016
195,"Qlearntab_Language_{'alpha': 0.05, 'gamma': 0.95, 'epsilon': 0.1, 'epsilon_step': 0}",,195,0,0.25,49.0,0.007009744644165039,['open fridge'],0.616859765995618,0.019898702128890902
196,"Qlearntab_Language_{'alpha': 0.05, 'gamma': 0.95, 'epsilon': 0.1, 'epsilon_step': 0}",,196,0,0.25,49.25,0.006980419158935547,['open fridge'],0.6168620279076018,0.019898775093793605
197,"Qlearntab_Language_{'alpha': 0.05, 'gamma': 0.95, 'epsilon': 0.1, 'epsilon_step': 0}",,197,0,0.25,49.5,0.008009195327758789,['open fridge'],0.6168641767239865,0.01989884441045118
198,"Qlearntab_Language_{'alpha': 0.05, 'gamma': 0.95, 'epsilon': 0.1, 'epsilon_step': 0}",,198,0,0.25,49.75,0.007011890411376953,['open fridge'],0.616866218099552,0.01989891026127587
199,"Qlearntab_Language_{'alpha': 0.05, 'gamma': 0.95, 'epsilon': 0.1, 'epsilon_step': 0}",,199,0,0.25,50.0,0.008008003234863281,['open fridge'],0.6168681574063392,0.019898972819559328
200,"Qlearntab_Language_{'alpha': 0.05, 'gamma': 0.95, 'epsilon': 0.1, 'epsilon_step': 0}",,200,0,0.25,50.25,0.008009910583496094,['open fridge'],0.616869999747787,0.019899032249928613
201,"Qlearntab_Language_{'alpha': 0.05, 'gamma': 0.95, 'epsilon': 0.1, 'epsilon_step': 0}",,201,0,0.25,50.5,0.007981061935424805,['open fridge'],0.6168717499721624,0.019899088708779433
202,"Qlearntab_Language_{'alpha': 0.05, 'gamma': 0.95, 'epsilon': 0.1, 'epsilon_step': 0}",,202,0,0.25,50.75,0.007978200912475586,['open fridge'],0.616873412685319,0.01989914234468771
203,"Qlearntab_Language_{'alpha': 0.05, 'gamma': 0.95, 'epsilon': 0.1, 'epsilon_step': 0}",,203,0,0.25,51.0,0.006981372833251953,['open fridge'],0.6168749922628178,0.019899193298800574
204,"Qlearntab_Language_{'alpha': 0.05, 'gamma': 0.95, 'epsilon': 0.1, 'epsilon_step': 0}",,204,0,0.25,51.25,0.007976531982421875,['open fridge'],0.6168764928614417,0.0198992417052078
205,"Qlearntab_Language_{'alpha': 0.05, 'gamma': 0.95, 'epsilon': 0.1, 'epsilon_step': 0}",,205,0,0.25,51.5,0.006999015808105469,['open fridge'],0.6168779184301344,0.01989928769129466
206,"Qlearntab_Language_{'alpha': 0.05, 'gamma': 0.95, 'epsilon': 0.1, 'epsilon_step': 0}",,206,0,0.25,51.75,0.007979869842529297,['open fridge'],0.6168792727203924,0.019899331378077176
207,"Qlearntab_Language_{'alpha': 0.05, 'gamma': 0.95, 'epsilon': 0.1, 'epsilon_step': 0}",,207,0,0.25,52.0,0.0069828033447265625,['open fridge'],0.6168805592961376,0.019899372880520568
208,"Qlearntab_Language_{'alpha': 0.05, 'gamma': 0.95, 'epsilon': 0.1, 'epsilon_step': 0}",,208,0,0.25,52.25,0.0069811344146728516,['open fridge'],0.6168817815430955,0.01989941230784179
209,"Qlearntab_Language_{'alpha': 0.05, 'gamma': 0.95, 'epsilon': 0.1, 'epsilon_step': 0}",,209,0,0.25,52.5,0.00695347785949707,['open fridge'],0.6168829426777055,0.019899449763796952
210,"Qlearntab_Language_{'alpha': 0.05, 'gamma': 0.95, 'epsilon': 0.1, 'epsilon_step': 0}",,210,2,0.25,52.75,0.008975744247436523,"['examine toaster', 'examine fridge', 'open fridge']",0.629073274634052,0.019658539832314127
211,"Qlearntab_Language_{'alpha': 0.05, 'gamma': 0.95, 'epsilon': 0.1, 'epsilon_step': 0}",,211,0,0.25,53.0,0.0069811344146728516,['open fridge'],0.6290743777119315,0.01965857430349786
212,"Qlearntab_Language_{'alpha': 0.05, 'gamma': 0.95, 'epsilon': 0.1, 'epsilon_step': 0}",,212,0,0.25,53.25,0.008005857467651367,['open fridge'],0.629075425635917,0.019658607051122406
213,"Qlearntab_Language_{'alpha': 0.05, 'gamma': 0.95, 'epsilon': 0.1, 'epsilon_step': 0}",,213,0,0.25,53.5,0.007982969284057617,['open fridge'],0.6290764211637032,0.019658638161365725
214,"Qlearntab_Language_{'alpha': 0.05, 'gamma': 0.95, 'epsilon': 0.1, 'epsilon_step': 0}",,214,0,0.25,53.75,0.008003950119018555,['open fridge'],0.6290773669151002,0.01965866771609688
215,"Qlearntab_Language_{'alpha': 0.05, 'gamma': 0.95, 'epsilon': 0.1, 'epsilon_step': 0}",,215,0,0.25,54.0,0.00701141357421875,['open fridge'],0.6290782653789273,0.019658695793091478
216,"Qlearntab_Language_{'alpha': 0.05, 'gamma': 0.95, 'epsilon': 0.1, 'epsilon_step': 0}",,216,0,0.25,54.25,0.00800943374633789,['open fridge'],0.629079118919563,0.019658722466236345
217,"Qlearntab_Language_{'alpha': 0.05, 'gamma': 0.95, 'epsilon': 0.1, 'epsilon_step': 0}",,217,0,0.25,54.5,0.006020307540893555,['open fridge'],0.629079929783167,0.019658747805723967
218,"Qlearntab_Language_{'alpha': 0.05, 'gamma': 0.95, 'epsilon': 0.1, 'epsilon_step': 0}",,218,0,0.25,54.75,0.007010698318481445,['open fridge'],0.6290807001035907,0.01965877187823721
219,"Qlearntab_Language_{'alpha': 0.05, 'gamma': 0.95, 'epsilon': 0.1, 'epsilon_step': 0}",,219,0,0.25,55.0,0.00702667236328125,['open fridge'],0.6290814319079933,0.01965879474712479
220,"Qlearntab_Language_{'alpha': 0.05, 'gamma': 0.95, 'epsilon': 0.1, 'epsilon_step': 0}",,220,0,0.25,55.25,0.006979227066040039,['open fridge'],0.6290821271221757,0.01965881647256799
221,"Qlearntab_Language_{'alpha': 0.05, 'gamma': 0.95, 'epsilon': 0.1, 'epsilon_step': 0}",,221,0,0.25,55.5,0.006983757019042969,['open fridge'],0.6290827875756491,0.019658837111739033
222,"Qlearntab_Language_{'alpha': 0.05, 'gamma': 0.95, 'epsilon': 0.1, 'epsilon_step': 0}",,222,0,0.25,55.75,0.006983041763305664,['open fridge'],0.6290834150064487,0.019658856718951522
223,"Qlearntab_Language_{'alpha': 0.05, 'gamma': 0.95, 'epsilon': 0.1, 'epsilon_step': 0}",,223,0,0.25,56.0,0.007012367248535156,['open fridge'],0.6290840110657083,0.019658875345803385
224,"Qlearntab_Language_{'alpha': 0.05, 'gamma': 0.95, 'epsilon': 0.1, 'epsilon_step': 0}",,224,0,0.25,56.25,0.007981300354003906,['open fridge'],0.6290845773220051,0.01965889304131266
225,"Qlearntab_Language_{'alpha': 0.05, 'gamma': 0.95, 'epsilon': 0.1, 'epsilon_step': 0}",,225,0,0.25,56.5,0.007013559341430664,['open fridge'],0.6290851152654869,0.019658909852046467
226,"Qlearntab_Language_{'alpha': 0.05, 'gamma': 0.95, 'epsilon': 0.1, 'epsilon_step': 0}",,226,2,0.25,56.75,0.00900411605834961,"['examine dining chair', 'examine fridge', 'open fridge']",0.6411977607438545,0.019430235174056197
227,"Qlearntab_Language_{'alpha': 0.05, 'gamma': 0.95, 'epsilon': 0.1, 'epsilon_step': 0}",,227,3,0.25,57.0,0.011968374252319336,"['take knife', 'examine dining chair', 'examine fridge', 'open fridge']",0.6532775738581303,0.01979629011691304
228,"Qlearntab_Language_{'alpha': 0.05, 'gamma': 0.95, 'epsilon': 0.1, 'epsilon_step': 0}",,228,0,0.25,57.25,0.007010459899902344,['open fridge'],0.6532780849044381,0.01979630560316479
229,"Qlearntab_Language_{'alpha': 0.05, 'gamma': 0.95, 'epsilon': 0.1, 'epsilon_step': 0}",,229,0,0.25,57.5,0.007023811340332031,['open fridge'],0.6532785703984304,0.019796320315103953
230,"Qlearntab_Language_{'alpha': 0.05, 'gamma': 0.95, 'epsilon': 0.1, 'epsilon_step': 0}",,230,0,0.25,57.75,0.0069959163665771484,['open fridge'],0.6532790316177232,0.019796334291446158
231,"Qlearntab_Language_{'alpha': 0.05, 'gamma': 0.95, 'epsilon': 0.1, 'epsilon_step': 0}",,231,0,0.25,58.0,0.00700688362121582,['open fridge'],0.6532794697760513,0.01979634756897125
232,"Qlearntab_Language_{'alpha': 0.05, 'gamma': 0.95, 'epsilon': 0.1, 'epsilon_step': 0}",,232,0,0.25,58.25,0.007983684539794922,['open fridge'],0.653279886026463,0.01979636018262009
233,"Qlearntab_Language_{'alpha': 0.05, 'gamma': 0.95, 'epsilon': 0.1, 'epsilon_step': 0}",,233,0,0.25,58.5,0.006976127624511719,['open fridge'],0.6532802814643541,0.01979637216558649
234,"Qlearntab_Language_{'alpha': 0.05, 'gamma': 0.95, 'epsilon': 0.1, 'epsilon_step': 0}",,234,3,0.25,58.75,0.010970592498779297,"['take knife', 'examine dining chair', 'examine fridge', 'open fridge']",0.6653266001377489,0.02016141212538633
235,"Qlearntab_Language_{'alpha': 0.05, 'gamma': 0.95, 'epsilon': 0.1, 'epsilon_step': 0}",,235,0,0.25,59.0,0.0069811344146728516,['open fridge'],0.6653269758037454,0.02016142350920441
236,"Qlearntab_Language_{'alpha': 0.05, 'gamma': 0.95, 'epsilon': 0.1, 'epsilon_step': 0}",,236,0,0.25,59.25,0.012993097305297852,['open fridge'],0.6653273326864422,0.020161434323831582
237,"Qlearntab_Language_{'alpha': 0.05, 'gamma': 0.95, 'epsilon': 0.1, 'epsilon_step': 0}",,237,0,0.25,59.5,0.007977962493896484,['open fridge'],0.6653276717250041,0.020161444597727396
238,"Qlearntab_Language_{'alpha': 0.05, 'gamma': 0.95, 'epsilon': 0.1, 'epsilon_step': 0}",,238,0,0.25,59.75,0.007007122039794922,['open fridge'],0.6653279938116379,0.020161454357928422
239,"Qlearntab_Language_{'alpha': 0.05, 'gamma': 0.95, 'epsilon': 0.1, 'epsilon_step': 0}",,239,0,0.25,60.0,0.008004903793334961,['open fridge'],0.66532829979394,0.020161463630119395
240,"Qlearntab_Language_{'alpha': 0.05, 'gamma': 0.95, 'epsilon': 0.1, 'epsilon_step': 0}",,240,0,0.25,60.25,0.007007598876953125,['open fridge'],0.6653285904771271,0.020161472438700822
241,"Qlearntab_Language_{'alpha': 0.05, 'gamma': 0.95, 'epsilon': 0.1, 'epsilon_step': 0}",,241,0,0.25,60.5,0.007007122039794922,['open fridge'],0.6653288666261548,0.020161480806853174
242,"Qlearntab_Language_{'alpha': 0.05, 'gamma': 0.95, 'epsilon': 0.1, 'epsilon_step': 0}",,242,3,0.25,60.75,0.013962745666503906,"['inventory', 'open kitchen cupboard', 'examine knife', 'open fridge']",0.6776029202032787,0.01992949765303761
243,"Qlearntab_Language_{'alpha': 0.05, 'gamma': 0.95, 'epsilon': 0.1, 'epsilon_step': 0}",,243,0,0.25,61.0,0.00698089599609375,['open fridge'],0.677603182544855,0.019929505368966323
244,"Qlearntab_Language_{'alpha': 0.05, 'gamma': 0.95, 'epsilon': 0.1, 'epsilon_step': 0}",,244,0,0.25,61.25,0.008002042770385742,['open fridge'],0.6776034317693524,0.019929512699098602
245,"Qlearntab_Language_{'alpha': 0.05, 'gamma': 0.95, 'epsilon': 0.1, 'epsilon_step': 0}",,245,0,0.25,61.5,0.006983518600463867,['open fridge'],0.677603668532625,0.019929519662724264
246,"Qlearntab_Language_{'alpha': 0.05, 'gamma': 0.95, 'epsilon': 0.1, 'epsilon_step': 0}",,246,0,0.25,61.75,0.006953239440917969,['open fridge'],0.677603893457734,0.019929526278168647
247,"Qlearntab_Language_{'alpha': 0.05, 'gamma': 0.95, 'epsilon': 0.1, 'epsilon_step': 0}",,247,3,0.25,62.0,0.013934850692749023,"['inventory', 'open kitchen cupboard', 'examine knife', 'open fridge']",0.6898472619009153,0.01970992176859758
248,"Qlearntab_Language_{'alpha': 0.05, 'gamma': 0.95, 'epsilon': 0.1, 'epsilon_step': 0}",,248,1,0.25,62.25,0.009972333908081055,"['read cookbook', 'open fridge']",0.7022863244009153,0.01950795345558098
249,"Qlearntab_Language_{'alpha': 0.05, 'gamma': 0.95, 'epsilon': 0.1, 'epsilon_step': 0}",,249,0,0.25,62.5,0.00698089599609375,['open fridge'],0.7022865380797688,0.01950795939110469
250,"Qlearntab_Language_{'alpha': 0.05, 'gamma': 0.95, 'epsilon': 0.1, 'epsilon_step': 0}",,250,0,0.25,62.75,0.0069811344146728516,['open fridge'],0.7022867410746796,0.01950796502985221
251,"Qlearntab_Language_{'alpha': 0.05, 'gamma': 0.95, 'epsilon': 0.1, 'epsilon_step': 0}",,251,0,0.25,63.0,0.007978200912475586,['open fridge'],0.7022869339198449,0.019507970386662358
252,"Qlearntab_Language_{'alpha': 0.05, 'gamma': 0.95, 'epsilon': 0.1, 'epsilon_step': 0}",,252,0,0.25,63.25,0.007977724075317383,['open fridge'],0.7022871171227519,0.019507975475632
253,"Qlearntab_Language_{'alpha': 0.05, 'gamma': 0.95, 'epsilon': 0.1, 'epsilon_step': 0}",,253,0,0.25,63.5,0.007977485656738281,['open fridge'],0.7022872911655136,0.019507980310153154
254,"Qlearntab_Language_{'alpha': 0.05, 'gamma': 0.95, 'epsilon': 0.1, 'epsilon_step': 0}",,254,0,0.25,63.75,0.006981372833251953,['open fridge'],0.7022874565061372,0.019507984902948257
255,"Qlearntab_Language_{'alpha': 0.05, 'gamma': 0.95, 'epsilon': 0.1, 'epsilon_step': 0}",,255,0,0.25,64.0,0.007978677749633789,['open fridge'],0.7022876135797296,0.0195079892661036
256,"Qlearntab_Language_{'alpha': 0.05, 'gamma': 0.95, 'epsilon': 0.1, 'epsilon_step': 0}",,256,0,0.25,64.25,0.007978200912475586,['open fridge'],0.7022877627996423,0.019507993411101175
257,"Qlearntab_Language_{'alpha': 0.05, 'gamma': 0.95, 'epsilon': 0.1, 'epsilon_step': 0}",,257,0,0.25,64.5,0.006981611251831055,['open fridge'],0.7022879045585595,0.019507997348848876
258,"Qlearntab_Language_{'alpha': 0.05, 'gamma': 0.95, 'epsilon': 0.1, 'epsilon_step': 0}",,258,0,0.25,64.75,0.006981372833251953,['open fridge'],0.7022880392295308,0.01950800108970919
259,"Qlearntab_Language_{'alpha': 0.05, 'gamma': 0.95, 'epsilon': 0.1, 'epsilon_step': 0}",,259,0,0.25,65.0,0.008975028991699219,['open fridge'],0.7022881671669535,0.019508004643526488
260,"Qlearntab_Language_{'alpha': 0.05, 'gamma': 0.95, 'epsilon': 0.1, 'epsilon_step': 0}",,260,0,0.25,65.25,0.007978439331054688,['open fridge'],0.7022882887075051,0.019508008019652922
261,"Qlearntab_Language_{'alpha': 0.05, 'gamma': 0.95, 'epsilon': 0.1, 'epsilon_step': 0}",,261,0,0.25,65.5,0.007977724075317383,['open fridge'],0.7022884041710291,0.01950801122697303
262,"Qlearntab_Language_{'alpha': 0.05, 'gamma': 0.95, 'epsilon': 0.1, 'epsilon_step': 0}",,262,0,0.25,65.75,0.0069811344146728516,['open fridge'],0.7022885138613769,0.019508014273927135
263,"Qlearntab_Language_{'alpha': 0.05, 'gamma': 0.95, 'epsilon': 0.1, 'epsilon_step': 0}",,263,0,0.25,66.0,0.007978200912475586,['open fridge'],0.7022886180672073,0.019508017168533537
264,"Qlearntab_Language_{'alpha': 0.05, 'gamma': 0.95, 'epsilon': 0.1, 'epsilon_step': 0}",,264,0,0.25,66.25,0.00897526741027832,['open fridge'],0.7022887170627462,0.019508019918409617
265,"Qlearntab_Language_{'alpha': 0.05, 'gamma': 0.95, 'epsilon': 0.1, 'epsilon_step': 0}",,265,0,0.25,66.5,0.007977724075317383,['open fridge'],0.7022888111085082,0.019508022530791893
266,"Qlearntab_Language_{'alpha': 0.05, 'gamma': 0.95, 'epsilon': 0.1, 'epsilon_step': 0}",,266,0,0.25,66.75,0.006981372833251953,['open fridge'],0.702288900451982,0.019508025012555056
267,"Qlearntab_Language_{'alpha': 0.05, 'gamma': 0.95, 'epsilon': 0.1, 'epsilon_step': 0}",,267,2,0.25,67.0,0.008975028991699219,"['examine dining chair', 'examine fridge', 'open fridge']",0.7142583731172736,0.01984051036436871
268,"Qlearntab_Language_{'alpha': 0.05, 'gamma': 0.95, 'epsilon': 0.1, 'epsilon_step': 0}",,268,0,0.25,67.25,0.00698089599609375,['open fridge'],0.7142584579935738,0.019840512722043718
269,"Qlearntab_Language_{'alpha': 0.05, 'gamma': 0.95, 'epsilon': 0.1, 'epsilon_step': 0}",,269,0,0.25,67.5,0.007009983062744141,['open fridge'],0.7142585386260589,0.01984051496183497
270,"Qlearntab_Language_{'alpha': 0.05, 'gamma': 0.95, 'epsilon': 0.1, 'epsilon_step': 0}",,270,0,0.25,67.75,0.007980823516845703,['open fridge'],0.7142586152269198,0.01984051708963666
271,"Qlearntab_Language_{'alpha': 0.05, 'gamma': 0.95, 'epsilon': 0.1, 'epsilon_step': 0}",,271,0,0.25,68.0,0.007978439331054688,['open fridge'],0.7142586879977376,0.01984051911104827
272,"Qlearntab_Language_{'alpha': 0.05, 'gamma': 0.95, 'epsilon': 0.1, 'epsilon_step': 0}",,272,0,0.25,68.25,0.008008241653442383,['open fridge'],0.7142587571300145,0.019840521031389294
273,"Qlearntab_Language_{'alpha': 0.05, 'gamma': 0.95, 'epsilon': 0.1, 'epsilon_step': 0}",,273,0,0.25,68.5,0.0069811344146728516,['open fridge'],0.7142588228056777,0.019840522855713267
274,"Qlearntab_Language_{'alpha': 0.05, 'gamma': 0.95, 'epsilon': 0.1, 'epsilon_step': 0}",,274,1,0.25,68.75,0.0070116519927978516,"['examine cookbook', 'open fridge']",0.7266978853056777,0.01964048338663994
275,"Qlearntab_Language_{'alpha': 0.05, 'gamma': 0.95, 'epsilon': 0.1, 'epsilon_step': 0}",,275,0,0.25,69.0,0.007984399795532227,['open fridge'],0.7266979476975577,0.019640485072906964
276,"Qlearntab_Language_{'alpha': 0.05, 'gamma': 0.95, 'epsilon': 0.1, 'epsilon_step': 0}",,276,0,0.25,69.25,0.007012367248535156,['open fridge'],0.7266980069698437,0.019640486674860638
277,"Qlearntab_Language_{'alpha': 0.05, 'gamma': 0.95, 'epsilon': 0.1, 'epsilon_step': 0}",,277,0,0.25,69.5,0.008008718490600586,['open fridge'],0.7266980632785154,0.019640488196716634
278,"Qlearntab_Language_{'alpha': 0.05, 'gamma': 0.95, 'epsilon': 0.1, 'epsilon_step': 0}",,278,2,0.25,69.75,0.01000070571899414,"['examine dining chair', 'examine fridge', 'open fridge']",0.7385476319646656,0.019960746809855826
279,"Qlearntab_Language_{'alpha': 0.05, 'gamma': 0.95, 'epsilon': 0.1, 'epsilon_step': 0}",,279,0,0.25,70.0,0.007980823516845703,['open fridge'],0.7385476854579036,0.019960748255619016
280,"Qlearntab_Language_{'alpha': 0.05, 'gamma': 0.95, 'epsilon': 0.1, 'epsilon_step': 0}",,280,0,0.25,70.25,0.007010459899902344,['open fridge'],0.7385477362764798,0.01996074962909405
281,"Qlearntab_Language_{'alpha': 0.05, 'gamma': 0.95, 'epsilon': 0.1, 'epsilon_step': 0}",,281,0,0.25,70.5,0.006999969482421875,['open fridge'],0.7385477845541273,0.019960750933895332
282,"Qlearntab_Language_{'alpha': 0.05, 'gamma': 0.95, 'epsilon': 0.1, 'epsilon_step': 0}",,282,0,0.25,70.75,0.008005857467651367,['open fridge'],0.7385478304178923,0.01996075217345655
283,"Qlearntab_Language_{'alpha': 0.05, 'gamma': 0.95, 'epsilon': 0.1, 'epsilon_step': 0}",,283,0,0.25,71.0,0.006953239440917969,['open fridge'],0.738547873988469,0.019960753351039702
284,"Qlearntab_Language_{'alpha': 0.05, 'gamma': 0.95, 'epsilon': 0.1, 'epsilon_step': 0}",,284,0,0.25,71.25,0.007978439331054688,['open fridge'],0.7385479153805169,0.0199607544697437
285,"Qlearntab_Language_{'alpha': 0.05, 'gamma': 0.95, 'epsilon': 0.1, 'epsilon_step': 0}",,285,0,0.25,71.5,0.006981372833251953,['open fridge'],0.7385479547029624,0.019960755532512496
286,"Qlearntab_Language_{'alpha': 0.05, 'gamma': 0.95, 'epsilon': 0.1, 'epsilon_step': 0}",,286,0,0.25,71.75,0.0069811344146728516,['open fridge'],0.7385479920592857,0.019960756542142855
287,"Qlearntab_Language_{'alpha': 0.05, 'gamma': 0.95, 'epsilon': 0.1, 'epsilon_step': 0}",,287,0,0.25,72.0,0.005983591079711914,['open fridge'],0.7385480275477927,0.019960757501291695
288,"Qlearntab_Language_{'alpha': 0.05, 'gamma': 0.95, 'epsilon': 0.1, 'epsilon_step': 0}",,288,0,0.25,72.25,0.0069806575775146484,['open fridge'],0.7385480612618744,0.01996075841248309
289,"Qlearntab_Language_{'alpha': 0.05, 'gamma': 0.95, 'epsilon': 0.1, 'epsilon_step': 0}",,289,0,0.25,72.5,0.0069811344146728516,['open fridge'],0.7385480932902521,0.01996075927811492
290,"Qlearntab_Language_{'alpha': 0.05, 'gamma': 0.95, 'epsilon': 0.1, 'epsilon_step': 0}",,290,0,0.25,72.75,0.007988452911376953,['open fridge'],0.7385481237172108,0.019960760100465158
291,"Qlearntab_Language_{'alpha': 0.05, 'gamma': 0.95, 'epsilon': 0.1, 'epsilon_step': 0}",,291,0,0.25,73.0,0.006984233856201172,['open fridge'],0.7385481526228216,0.019960760881697882
292,"Qlearntab_Language_{'alpha': 0.05, 'gamma': 0.95, 'epsilon': 0.1, 'epsilon_step': 0}",,292,0,0.25,73.25,0.007977724075317383,['open fridge'],0.7385481800831519,0.01996076162386897
293,"Qlearntab_Language_{'alpha': 0.05, 'gamma': 0.95, 'epsilon': 0.1, 'epsilon_step': 0}",,293,0,0.25,73.5,0.0069811344146728516,['open fridge'],0.7385482061704657,0.019960762328931504
294,"Qlearntab_Language_{'alpha': 0.05, 'gamma': 0.95, 'epsilon': 0.1, 'epsilon_step': 0}",,294,0,0.25,73.75,0.00698089599609375,['open fridge'],0.7385482309534137,0.01996076299874091
295,"Qlearntab_Language_{'alpha': 0.05, 'gamma': 0.95, 'epsilon': 0.1, 'epsilon_step': 0}",,295,0,0.25,74.0,0.006976604461669922,['open fridge'],0.7385482544972144,0.019960763635059848
296,"Qlearntab_Language_{'alpha': 0.05, 'gamma': 0.95, 'epsilon': 0.1, 'epsilon_step': 0}",,296,0,0.25,74.25,0.007977962493896484,['open fridge'],0.7385482768638251,0.01996076423956284
297,"Qlearntab_Language_{'alpha': 0.05, 'gamma': 0.95, 'epsilon': 0.1, 'epsilon_step': 0}",,297,0,0.25,74.5,0.007950544357299805,['open fridge'],0.7385482981121052,0.01996076481384068
298,"Qlearntab_Language_{'alpha': 0.05, 'gamma': 0.95, 'epsilon': 0.1, 'epsilon_step': 0}",,298,0,0.25,74.75,0.0069887638092041016,['open fridge'],0.7385483182979713,0.01996076535940463
299,"Qlearntab_Language_{'alpha': 0.05, 'gamma': 0.95, 'epsilon': 0.1, 'epsilon_step': 0}",,299,2,0.25,75.0,0.008976936340332031,"['examine dining chair', 'examine fridge', 'open fridge']",0.75027184202131,0.020277617351927298
300,"Qlearntab_Language_{'alpha': 0.05, 'gamma': 0.95, 'epsilon': 0.1, 'epsilon_step': 0}",,300,0,0.25,75.25,0.007951736450195312,['open fridge'],0.7502718611978828,0.02027761787021305
301,"Qlearntab_Language_{'alpha': 0.05, 'gamma': 0.95, 'epsilon': 0.1, 'epsilon_step': 0}",,301,0,0.25,75.5,0.006982088088989258,['open fridge'],0.7502718794156269,0.020277618362584512
302,"Qlearntab_Language_{'alpha': 0.05, 'gamma': 0.95, 'epsilon': 0.1, 'epsilon_step': 0}",,302,0,0.25,75.75,0.00698542594909668,['open fridge'],0.7502718967224838,0.0202776188303374
303,"Qlearntab_Language_{'alpha': 0.05, 'gamma': 0.95, 'epsilon': 0.1, 'epsilon_step': 0}",,303,0,0.25,76.0,0.00697636604309082,['open fridge'],0.7502719131639979,0.020277619274702646
304,"Qlearntab_Language_{'alpha': 0.05, 'gamma': 0.95, 'epsilon': 0.1, 'epsilon_step': 0}",,304,2,0.25,76.25,0.010947942733764648,"['examine dining chair', 'examine fridge', 'open fridge']",0.7618635751841663,0.0205909074374099
305,"Qlearntab_Language_{'alpha': 0.05, 'gamma': 0.95, 'epsilon': 0.1, 'epsilon_step': 0}",,305,0,0.25,76.5,0.007009744644165039,['open fridge'],0.7618635908036047,0.020590907859556883
306,"Qlearntab_Language_{'alpha': 0.05, 'gamma': 0.95, 'epsilon': 0.1, 'epsilon_step': 0}",,306,0,0.25,76.75,0.006980180740356445,['open fridge'],0.7618636056420711,0.020590908260596518
307,"Qlearntab_Language_{'alpha': 0.05, 'gamma': 0.95, 'epsilon': 0.1, 'epsilon_step': 0}",,307,0,0.25,77.0,0.008952140808105469,['open fridge'],0.7618636197386143,0.02059090864158417
308,"Qlearntab_Language_{'alpha': 0.05, 'gamma': 0.95, 'epsilon': 0.1, 'epsilon_step': 0}",,308,0,0.25,77.25,0.007979393005371094,['open fridge'],0.7618636331303302,0.02059090900352244
309,"Qlearntab_Language_{'alpha': 0.05, 'gamma': 0.95, 'epsilon': 0.1, 'epsilon_step': 0}",,309,0,0.25,77.5,0.007010221481323242,['open fridge'],0.7618636458524604,0.020590909347363795
310,"Qlearntab_Language_{'alpha': 0.05, 'gamma': 0.95, 'epsilon': 0.1, 'epsilon_step': 0}",,310,0,0.25,77.75,0.00800776481628418,['open fridge'],0.7618636579384841,0.020590909674013082
311,"Qlearntab_Language_{'alpha': 0.05, 'gamma': 0.95, 'epsilon': 0.1, 'epsilon_step': 0}",,311,0,0.25,78.0,0.007978439331054688,['open fridge'],0.7618636694202066,0.020590909984329907
312,"Qlearntab_Language_{'alpha': 0.05, 'gamma': 0.95, 'epsilon': 0.1, 'epsilon_step': 0}",,312,0,0.25,78.25,0.008002281188964844,['open fridge'],0.7618636803278429,0.02059091027913089
313,"Qlearntab_Language_{'alpha': 0.05, 'gamma': 0.95, 'epsilon': 0.1, 'epsilon_step': 0}",,313,0,0.25,78.5,0.007004737854003906,['open fridge'],0.7618636906900975,0.020590910559191825
314,"Qlearntab_Language_{'alpha': 0.05, 'gamma': 0.95, 'epsilon': 0.1, 'epsilon_step': 0}",,314,0,0.25,78.75,0.007004976272583008,['open fridge'],0.7618637005342394,0.020590910825249713
315,"Qlearntab_Language_{'alpha': 0.05, 'gamma': 0.95, 'epsilon': 0.1, 'epsilon_step': 0}",,315,0,0.25,79.0,0.0070040225982666016,['open fridge'],0.761863709886174,0.020590911078004703
316,"Qlearntab_Language_{'alpha': 0.05, 'gamma': 0.95, 'epsilon': 0.1, 'epsilon_step': 0}",,316,0,0.25,79.25,0.007011890411376953,['open fridge'],0.761863718770512,0.020590911318121945
317,"Qlearntab_Language_{'alpha': 0.05, 'gamma': 0.95, 'epsilon': 0.1, 'epsilon_step': 0}",,317,0,0.25,79.5,0.007010698318481445,['open fridge'],0.761863727210633,0.020590911546233326
318,"Qlearntab_Language_{'alpha': 0.05, 'gamma': 0.95, 'epsilon': 0.1, 'epsilon_step': 0}",,318,0,0.25,79.75,0.007009744644165039,['open fridge'],0.7618637352287481,0.020590911762939135
319,"Qlearntab_Language_{'alpha': 0.05, 'gamma': 0.95, 'epsilon': 0.1, 'epsilon_step': 0}",,319,0,0.25,80.0,0.007978677749633789,['open fridge'],0.7618637428459574,0.020590911968809657
320,"Qlearntab_Language_{'alpha': 0.05, 'gamma': 0.95, 'epsilon': 0.1, 'epsilon_step': 0}",,320,0,0.25,80.25,0.008008241653442383,['open fridge'],0.7618637500823062,0.020590912164386653
321,"Qlearntab_Language_{'alpha': 0.05, 'gamma': 0.95, 'epsilon': 0.1, 'epsilon_step': 0}",,321,0,0.25,80.5,0.007010459899902344,['open fridge'],0.7618637569568376,0.0205909123501848
322,"Qlearntab_Language_{'alpha': 0.05, 'gamma': 0.95, 'epsilon': 0.1, 'epsilon_step': 0}",,322,0,0.25,80.75,0.008008480072021484,['open fridge'],0.7618637634876424,0.02059091252669304
323,"Qlearntab_Language_{'alpha': 0.05, 'gamma': 0.95, 'epsilon': 0.1, 'epsilon_step': 0}",,323,0,0.25,81.0,0.00800776481628418,['open fridge'],0.761863769691907,0.020590912694375862
324,"Qlearntab_Language_{'alpha': 0.05, 'gamma': 0.95, 'epsilon': 0.1, 'epsilon_step': 0}",,324,0,0.25,81.25,0.007012844085693359,['open fridge'],0.7618637755859583,0.020590912853674547
325,"Qlearntab_Language_{'alpha': 0.05, 'gamma': 0.95, 'epsilon': 0.1, 'epsilon_step': 0}",,325,2,0.25,81.5,0.010998725891113281,"['open cutlery drawer', 'examine knife', 'open fridge']",0.7740738561445996,0.020920915030935124
326,"Qlearntab_Language_{'alpha': 0.05, 'gamma': 0.95, 'epsilon': 0.1, 'epsilon_step': 0}",,326,0,0.25,81.75,0.008005857467651367,['open fridge'],0.7740738617439483,0.020920915182268872
327,"Qlearntab_Language_{'alpha': 0.05, 'gamma': 0.95, 'epsilon': 0.1, 'epsilon_step': 0}",,327,0,0.25,82.0,0.00797414779663086,['open fridge'],0.7740738670633297,0.02092091532603594
328,"Qlearntab_Language_{'alpha': 0.05, 'gamma': 0.95, 'epsilon': 0.1, 'epsilon_step': 0}",,328,3,0.25,82.25,0.012942075729370117,"['take cookbook', 'open dishwasher', 'examine fridge', 'open fridge']",0.7861267759911744,0.020687546736609854
329,"Qlearntab_Language_{'alpha': 0.05, 'gamma': 0.95, 'epsilon': 0.1, 'epsilon_step': 0}",,329,0,0.25,82.5,0.008002281188964844,['open fridge'],0.7861267810445867,0.020687546869594387
330,"Qlearntab_Language_{'alpha': 0.05, 'gamma': 0.95, 'epsilon': 0.1, 'epsilon_step': 0}",,330,0,0.25,82.75,0.007952451705932617,['open fridge'],0.7861267858453284,0.020687546995929694
331,"Qlearntab_Language_{'alpha': 0.05, 'gamma': 0.95, 'epsilon': 0.1, 'epsilon_step': 0}",,331,0,0.25,83.0,0.007979393005371094,['open fridge'],0.786126790406033,0.020687547115948234
332,"Qlearntab_Language_{'alpha': 0.05, 'gamma': 0.95, 'epsilon': 0.1, 'epsilon_step': 0}",,332,0,0.25,83.25,0.007008552551269531,['open fridge'],0.7861267947387023,0.02068754722996585
333,"Qlearntab_Language_{'alpha': 0.05, 'gamma': 0.95, 'epsilon': 0.1, 'epsilon_step': 0}",,333,0,0.25,83.5,0.007977485656738281,['open fridge'],0.7861267988547381,0.020687547338282583
334,"Qlearntab_Language_{'alpha': 0.05, 'gamma': 0.95, 'epsilon': 0.1, 'epsilon_step': 0}",,334,0,0.25,83.75,0.006978511810302734,['open fridge'],0.7861268027649722,0.02068754744118348
335,"Qlearntab_Language_{'alpha': 0.05, 'gamma': 0.95, 'epsilon': 0.1, 'epsilon_step': 0}",,335,0,0.25,84.0,0.007956266403198242,['open fridge'],0.7861268064796946,0.02068754753893933
336,"Qlearntab_Language_{'alpha': 0.05, 'gamma': 0.95, 'epsilon': 0.1, 'epsilon_step': 0}",,336,0,0.25,84.25,0.0060117244720458984,['open fridge'],0.7861268100086809,0.02068754763180739
337,"Qlearntab_Language_{'alpha': 0.05, 'gamma': 0.95, 'epsilon': 0.1, 'epsilon_step': 0}",,337,0,0.25,84.5,0.007978200912475586,['open fridge'],0.7861268133612178,0.02068754772003205
338,"Qlearntab_Language_{'alpha': 0.05, 'gamma': 0.95, 'epsilon': 0.1, 'epsilon_step': 0}",,338,0,0.25,84.75,0.007979154586791992,['open fridge'],0.7861268165461279,0.020687547803845473
339,"Qlearntab_Language_{'alpha': 0.05, 'gamma': 0.95, 'epsilon': 0.1, 'epsilon_step': 0}",,339,0,0.25,85.0,0.006980180740356445,['open fridge'],0.7861268195717925,0.020687547883468226
340,"Qlearntab_Language_{'alpha': 0.05, 'gamma': 0.95, 'epsilon': 0.1, 'epsilon_step': 0}",,340,0,0.25,85.25,0.0069539546966552734,['open fridge'],0.7861268224461739,0.02068754795910984
341,"Qlearntab_Language_{'alpha': 0.05, 'gamma': 0.95, 'epsilon': 0.1, 'epsilon_step': 0}",,341,0,0.25,85.5,0.008946895599365234,['open fridge'],0.7861268251768363,0.020687548030969376
342,"Qlearntab_Language_{'alpha': 0.05, 'gamma': 0.95, 'epsilon': 0.1, 'epsilon_step': 0}",,342,0,0.25,85.75,0.006980180740356445,['open fridge'],0.7861268277709654,0.020687548099235932
343,"Qlearntab_Language_{'alpha': 0.05, 'gamma': 0.95, 'epsilon': 0.1, 'epsilon_step': 0}",,343,0,0.25,86.0,0.0069811344146728516,['open fridge'],0.7861268302353881,0.02068754816408916
344,"Qlearntab_Language_{'alpha': 0.05, 'gamma': 0.95, 'epsilon': 0.1, 'epsilon_step': 0}",,344,0,0.25,86.25,0.007979393005371094,['open fridge'],0.7861268325765897,0.020687548225699726
345,"Qlearntab_Language_{'alpha': 0.05, 'gamma': 0.95, 'epsilon': 0.1, 'epsilon_step': 0}",,345,3,0.25,86.5,0.013963460922241211,"['inventory', 'open kitchen cupboard', 'examine knife', 'open fridge']",0.7983202139944624,0.0210084266840648
346,"Qlearntab_Language_{'alpha': 0.05, 'gamma': 0.95, 'epsilon': 0.1, 'epsilon_step': 0}",,346,0,0.25,86.75,0.007978200912475586,['open fridge'],0.7983202162186039,0.02100842674259484
347,"Qlearntab_Language_{'alpha': 0.05, 'gamma': 0.95, 'epsilon': 0.1, 'epsilon_step': 0}",,347,0,0.25,87.0,0.006981611251831055,['open fridge'],0.7983202183315383,0.021008426798198376
348,"Qlearntab_Language_{'alpha': 0.05, 'gamma': 0.95, 'epsilon': 0.1, 'epsilon_step': 0}",,348,1,0.25,87.25,0.009003639221191406,"['read cookbook', 'open fridge']",0.8106731870815382,0.021333504923198375
349,"Qlearntab_Language_{'alpha': 0.05, 'gamma': 0.95, 'epsilon': 0.1, 'epsilon_step': 0}",,349,1,0.25,87.5,0.007947683334350586,"['examine counter', 'open fridge']",0.8230825620815383,0.021660067423198377
350,"Qlearntab_Language_{'alpha': 0.05, 'gamma': 0.95, 'epsilon': 0.1, 'epsilon_step': 0}",,350,0,0.25,87.75,0.008008003234863281,['open fridge'],0.823082564088826,0.021660067476021738
351,"Qlearntab_Language_{'alpha': 0.05, 'gamma': 0.95, 'epsilon': 0.1, 'epsilon_step': 0}",,351,0,0.25,88.0,0.0069811344146728516,['open fridge'],0.8230825659957492,0.02166006752620393
352,"Qlearntab_Language_{'alpha': 0.05, 'gamma': 0.95, 'epsilon': 0.1, 'epsilon_step': 0}",,352,2,0.25,88.25,0.009972572326660156,"['examine oven', 'read cookbook', 'open fridge']",0.8354666324019993,0.021422221343641006
353,"Qlearntab_Language_{'alpha': 0.05, 'gamma': 0.95, 'epsilon': 0.1, 'epsilon_step': 0}",,353,0,0.25,88.5,0.006972312927246094,['open fridge'],0.8354666342135764,0.0214222213900917
354,"Qlearntab_Language_{'alpha': 0.05, 'gamma': 0.95, 'epsilon': 0.1, 'epsilon_step': 0}",,354,0,0.25,88.75,0.007977485656738281,['open fridge'],0.8354666359345746,0.021422221434219863
355,"Qlearntab_Language_{'alpha': 0.05, 'gamma': 0.95, 'epsilon': 0.1, 'epsilon_step': 0}",,355,0,0.25,89.0,0.007978677749633789,['open fridge'],0.835466637569523,0.021422221476141614
356,"Qlearntab_Language_{'alpha': 0.05, 'gamma': 0.95, 'epsilon': 0.1, 'epsilon_step': 0}",,356,0,0.25,89.25,0.006981372833251953,['open fridge'],0.8354666391227239,0.02142222151596728
357,"Qlearntab_Language_{'alpha': 0.05, 'gamma': 0.95, 'epsilon': 0.1, 'epsilon_step': 0}",,357,0,0.25,89.5,0.006981372833251953,['open fridge'],0.8354666405982648,0.021422221553801662
358,"Qlearntab_Language_{'alpha': 0.05, 'gamma': 0.95, 'epsilon': 0.1, 'epsilon_step': 0}",,358,0,0.25,89.75,0.007979393005371094,['open fridge'],0.8354666420000287,0.021422221589744328
359,"Qlearntab_Language_{'alpha': 0.05, 'gamma': 0.95, 'epsilon': 0.1, 'epsilon_step': 0}",,359,0,0.25,90.0,0.006981611251831055,['open fridge'],0.8354666433317044,0.021422221623889855
360,"Qlearntab_Language_{'alpha': 0.05, 'gamma': 0.95, 'epsilon': 0.1, 'epsilon_step': 0}",,360,0,0.25,90.25,0.008007526397705078,['open fridge'],0.8354666445967963,0.02142222165632811
361,"Qlearntab_Language_{'alpha': 0.05, 'gamma': 0.95, 'epsilon': 0.1, 'epsilon_step': 0}",,361,0,0.25,90.5,0.007008552551269531,['open fridge'],0.8354666457986336,0.02142222168714445
362,"Qlearntab_Language_{'alpha': 0.05, 'gamma': 0.95, 'epsilon': 0.1, 'epsilon_step': 0}",,362,0,0.25,90.75,0.007009029388427734,['open fridge'],0.8354666469403791,0.021422221716419977
363,"Qlearntab_Language_{'alpha': 0.05, 'gamma': 0.95, 'epsilon': 0.1, 'epsilon_step': 0}",,363,0,0.25,91.0,0.007978677749633789,['open fridge'],0.8354666480250372,0.021422221744231723
364,"Qlearntab_Language_{'alpha': 0.05, 'gamma': 0.95, 'epsilon': 0.1, 'epsilon_step': 0}",,364,0,0.25,91.25,0.0069811344146728516,['open fridge'],0.8354666490554625,0.021422221770652887
365,"Qlearntab_Language_{'alpha': 0.05, 'gamma': 0.95, 'epsilon': 0.1, 'epsilon_step': 0}",,365,0,0.25,91.5,0.007951021194458008,['open fridge'],0.8354666500343665,0.021422221795752986
366,"Qlearntab_Language_{'alpha': 0.05, 'gamma': 0.95, 'epsilon': 0.1, 'epsilon_step': 0}",,366,0,0.25,91.75,0.007957220077514648,['open fridge'],0.8354666509643253,0.021422221819598082
367,"Qlearntab_Language_{'alpha': 0.05, 'gamma': 0.95, 'epsilon': 0.1, 'epsilon_step': 0}",,367,0,0.25,92.0,0.0070073604583740234,['open fridge'],0.8354666518477861,0.021422221842250927
368,"Qlearntab_Language_{'alpha': 0.05, 'gamma': 0.95, 'epsilon': 0.1, 'epsilon_step': 0}",,368,0,0.25,92.25,0.007008552551269531,['open fridge'],0.835466652687074,0.02142222186377113
369,"Qlearntab_Language_{'alpha': 0.05, 'gamma': 0.95, 'epsilon': 0.1, 'epsilon_step': 0}",,369,0,0.25,92.5,0.007983207702636719,['open fridge'],0.8354666534843974,0.021422221884215317
370,"Qlearntab_Language_{'alpha': 0.05, 'gamma': 0.95, 'epsilon': 0.1, 'epsilon_step': 0}",,370,0,0.25,92.75,0.007021188735961914,['open fridge'],0.8354666542418546,0.0214222219036373
371,"Qlearntab_Language_{'alpha': 0.05, 'gamma': 0.95, 'epsilon': 0.1, 'epsilon_step': 0}",,371,0,0.25,93.0,0.007971048355102539,['open fridge'],0.835466654961439,0.02142222192208818
372,"Qlearntab_Language_{'alpha': 0.05, 'gamma': 0.95, 'epsilon': 0.1, 'epsilon_step': 0}",,372,0,0.25,93.25,0.0070111751556396484,['open fridge'],0.8354666556450442,0.021422221939616518
373,"Qlearntab_Language_{'alpha': 0.05, 'gamma': 0.95, 'epsilon': 0.1, 'epsilon_step': 0}",,373,7,0.25,93.5,0.020974159240722656,"['take cookbook', 'open dishwasher', 'put cookbook in dining chair', 'take knife', 'examine dining chair', 'examine oven', 'read cookbook', 'open fridge']",0.8488094951868075,0.02020974988540018
374,"Qlearntab_Language_{'alpha': 0.05, 'gamma': 0.95, 'epsilon': 0.1, 'epsilon_step': 0}",,374,2,0.25,93.75,0.009975671768188477,"['open kitchen cupboard', 'examine knife', 'open fridge']",0.8609675520279951,0.02049922742923798
375,"Qlearntab_Language_{'alpha': 0.05, 'gamma': 0.95, 'epsilon': 0.1, 'epsilon_step': 0}",,375,0,0.25,94.0,0.007980823516845703,['open fridge'],0.8609675526774201,0.02049922744470048
376,"Qlearntab_Language_{'alpha': 0.05, 'gamma': 0.95, 'epsilon': 0.1, 'epsilon_step': 0}",,376,0,0.25,94.25,0.008976221084594727,['open fridge'],0.8609675532943737,0.02049922745938985
377,"Qlearntab_Language_{'alpha': 0.05, 'gamma': 0.95, 'epsilon': 0.1, 'epsilon_step': 0}",,377,0,0.25,94.5,0.007978439331054688,['open fridge'],0.8609675538804796,0.020499227473344754
378,"Qlearntab_Language_{'alpha': 0.05, 'gamma': 0.95, 'epsilon': 0.1, 'epsilon_step': 0}",,378,0,0.25,94.75,0.00800776481628418,['open fridge'],0.8609675544372803,0.020499227486601913
379,"Qlearntab_Language_{'alpha': 0.05, 'gamma': 0.95, 'epsilon': 0.1, 'epsilon_step': 0}",,379,0,0.25,95.0,0.009003162384033203,['open fridge'],0.860967554966241,0.020499227499196214
380,"Qlearntab_Language_{'alpha': 0.05, 'gamma': 0.95, 'epsilon': 0.1, 'epsilon_step': 0}",,380,0,0.25,95.25,0.009972333908081055,['open fridge'],0.8609675554687536,0.0204992275111608
381,"Qlearntab_Language_{'alpha': 0.05, 'gamma': 0.95, 'epsilon': 0.1, 'epsilon_step': 0}",,381,2,0.25,95.5,0.00997304916381836,"['examine oven', 'read cookbook', 'open fridge']",0.8732900405185583,0.020309070709733913
382,"Qlearntab_Language_{'alpha': 0.05, 'gamma': 0.95, 'epsilon': 0.1, 'epsilon_step': 0}",,382,0,0.25,95.75,0.008007049560546875,['open fridge'],0.8732900409959453,0.020309070720835938
383,"Qlearntab_Language_{'alpha': 0.05, 'gamma': 0.95, 'epsilon': 0.1, 'epsilon_step': 0}",,383,0,0.25,96.0,0.009004592895507812,['open fridge'],0.873290041449463,0.02030907073138286
384,"Qlearntab_Language_{'alpha': 0.05, 'gamma': 0.95, 'epsilon': 0.1, 'epsilon_step': 0}",,384,0,0.25,96.25,0.008008003234863281,['open fridge'],0.8732900418803047,0.020309070741402434
385,"Qlearntab_Language_{'alpha': 0.05, 'gamma': 0.95, 'epsilon': 0.1, 'epsilon_step': 0}",,385,0,0.25,96.5,0.006981372833251953,['open fridge'],0.8732900422896044,0.020309070750921032
386,"Qlearntab_Language_{'alpha': 0.05, 'gamma': 0.95, 'epsilon': 0.1, 'epsilon_step': 0}",,386,0,0.25,96.75,0.01100015640258789,['open fridge'],0.8732900426784391,0.0203090707599637
387,"Qlearntab_Language_{'alpha': 0.05, 'gamma': 0.95, 'epsilon': 0.1, 'epsilon_step': 0}",,387,0,0.25,97.0,0.007977008819580078,['open fridge'],0.8732900430478321,0.020309070768554236
388,"Qlearntab_Language_{'alpha': 0.05, 'gamma': 0.95, 'epsilon': 0.1, 'epsilon_step': 0}",,388,0,0.25,97.25,0.0069811344146728516,['open fridge'],0.8732900433987554,0.020309070776715243
389,"Qlearntab_Language_{'alpha': 0.05, 'gamma': 0.95, 'epsilon': 0.1, 'epsilon_step': 0}",,389,0,0.25,97.5,0.007977724075317383,['open fridge'],0.8732900437321325,0.020309070784468197
390,"Qlearntab_Language_{'alpha': 0.05, 'gamma': 0.95, 'epsilon': 0.1, 'epsilon_step': 0}",,390,0,0.25,97.75,0.007977962493896484,['open fridge'],0.8732900440488407,0.020309070791833504
391,"Qlearntab_Language_{'alpha': 0.05, 'gamma': 0.95, 'epsilon': 0.1, 'epsilon_step': 0}",,391,4,0.25,98.0,0.017951488494873047,"['examine cutlery drawer', 'open dishwasher', 'examine dishwasher', 'examine fridge', 'open fridge']",0.8863682289930587,0.019697071755401304
392,"Qlearntab_Language_{'alpha': 0.05, 'gamma': 0.95, 'epsilon': 0.1, 'epsilon_step': 0}",,392,1,0.25,98.25,0.008999347686767578,"['examine knife', 'open fridge']",0.8983734814669834,0.01996385514371074
393,"Qlearntab_Language_{'alpha': 0.05, 'gamma': 0.95, 'epsilon': 0.1, 'epsilon_step': 0}",,393,0,0.25,98.5,0.008001327514648438,['open fridge'],0.8983734817678563,0.019963855150396805
394,"Qlearntab_Language_{'alpha': 0.05, 'gamma': 0.95, 'epsilon': 0.1, 'epsilon_step': 0}",,394,1,0.25,98.75,0.008005857467651367,"['examine counter', 'open fridge']",0.9106982473928562,0.02023773883095236
395,"Qlearntab_Language_{'alpha': 0.05, 'gamma': 0.95, 'epsilon': 0.1, 'epsilon_step': 0}",,395,0,0.25,99.0,0.007977962493896484,['open fridge'],0.9106982476786855,0.02023773883730412
396,"Qlearntab_Language_{'alpha': 0.05, 'gamma': 0.95, 'epsilon': 0.1, 'epsilon_step': 0}",,396,1,0.25,99.25,0.008005619049072266,"['examine fridge', 'open fridge']",0.9227653457210137,0.020060116211326383
397,"Qlearntab_Language_{'alpha': 0.05, 'gamma': 0.95, 'epsilon': 0.1, 'epsilon_step': 0}",,397,2,0.25,99.5,0.010969161987304688,"['examine oven', 'read cookbook', 'open fridge']",0.9350462420460869,0.020327092218393194
398,"Qlearntab_Language_{'alpha': 0.05, 'gamma': 0.95, 'epsilon': 0.1, 'epsilon_step': 0}",,398,0,0.25,99.75,0.008005380630493164,['open fridge'],0.9350462423176247,0.020327092224296187
399,"Qlearntab_Language_{'alpha': 0.05, 'gamma': 0.95, 'epsilon': 0.1, 'epsilon_step': 0}",,399,2,0.25,100.0,0.01099705696105957,"['examine trash can', 'examine knife', 'open fridge']",0.9472231446483219,0.020153683928687702
400,"Qlearntab_Language_{'alpha': 0.05, 'gamma': 0.95, 'epsilon': 0.1, 'epsilon_step': 0}",,400,0,0.25,100.25,0.006983280181884766,['open fridge'],0.9472231449062828,0.020153683934176228
401,"Qlearntab_Language_{'alpha': 0.05, 'gamma': 0.95, 'epsilon': 0.1, 'epsilon_step': 0}",,401,0,0.25,100.5,0.006983757019042969,['open fridge'],0.9472231451513456,0.02015368393939033
402,"Qlearntab_Language_{'alpha': 0.05, 'gamma': 0.95, 'epsilon': 0.1, 'epsilon_step': 0}",,402,0,0.25,100.75,0.008007526397705078,['open fridge'],0.9472231453841553,0.02015368394434373
403,"Qlearntab_Language_{'alpha': 0.05, 'gamma': 0.95, 'epsilon': 0.1, 'epsilon_step': 0}",,403,0,0.25,101.0,0.007978677749633789,['open fridge'],0.9472231456053245,0.02015368394904946
404,"Qlearntab_Language_{'alpha': 0.05, 'gamma': 0.95, 'epsilon': 0.1, 'epsilon_step': 0}",,404,0,0.25,101.25,0.006981849670410156,['open fridge'],0.9472231458154352,0.020153683953519897
405,"Qlearntab_Language_{'alpha': 0.05, 'gamma': 0.95, 'epsilon': 0.1, 'epsilon_step': 0}",,405,0,0.25,101.5,0.007005214691162109,['open fridge'],0.9472231460150404,0.02015368395776682
406,"Qlearntab_Language_{'alpha': 0.05, 'gamma': 0.95, 'epsilon': 0.1, 'epsilon_step': 0}",,406,0,0.25,101.75,0.007017612457275391,['open fridge'],0.9472231462046654,0.02015368396180139
407,"Qlearntab_Language_{'alpha': 0.05, 'gamma': 0.95, 'epsilon': 0.1, 'epsilon_step': 0}",,407,0,0.25,102.0,0.007008552551269531,['open fridge'],0.9472231463848091,0.020153683965634234
408,"Qlearntab_Language_{'alpha': 0.05, 'gamma': 0.95, 'epsilon': 0.1, 'epsilon_step': 0}",,408,0,0.25,102.25,0.007976293563842773,['open fridge'],0.9472231465559456,0.02015368396927544
409,"Qlearntab_Language_{'alpha': 0.05, 'gamma': 0.95, 'epsilon': 0.1, 'epsilon_step': 0}",,409,0,0.25,102.5,0.005990505218505859,['open fridge'],0.9472231467185254,0.020153683972734582
410,"Qlearntab_Language_{'alpha': 0.05, 'gamma': 0.95, 'epsilon': 0.1, 'epsilon_step': 0}",,410,0,0.25,102.75,0.006981372833251953,['open fridge'],0.947223146872976,0.020153683976020766
411,"Qlearntab_Language_{'alpha': 0.05, 'gamma': 0.95, 'epsilon': 0.1, 'epsilon_step': 0}",,411,2,0.25,103.0,0.008976459503173828,"['examine dishwasher', 'examine fridge', 'open fridge']",0.9592867010934599,0.019577279614152242
412,"Qlearntab_Language_{'alpha': 0.05, 'gamma': 0.95, 'epsilon': 0.1, 'epsilon_step': 0}",,412,0,0.25,103.25,0.006983518600463867,['open fridge'],0.9592867012401881,0.019577279617146698
413,"Qlearntab_Language_{'alpha': 0.05, 'gamma': 0.95, 'epsilon': 0.1, 'epsilon_step': 0}",,413,0,0.25,103.5,0.006981611251831055,['open fridge'],0.9592867013795798,0.019577279619991426
414,"Qlearntab_Language_{'alpha': 0.05, 'gamma': 0.95, 'epsilon': 0.1, 'epsilon_step': 0}",,414,0,0.25,103.75,0.008008718490600586,['open fridge'],0.959286701512002,0.01957727962269392
415,"Qlearntab_Language_{'alpha': 0.05, 'gamma': 0.95, 'epsilon': 0.1, 'epsilon_step': 0}",,415,0,0.25,104.0,0.006988525390625,['open fridge'],0.959286701637803,0.019577279625261287
416,"Qlearntab_Language_{'alpha': 0.05, 'gamma': 0.95, 'epsilon': 0.1, 'epsilon_step': 0}",,416,0,0.25,104.25,0.00800943374633789,['open fridge'],0.9592867017573141,0.019577279627700287
417,"Qlearntab_Language_{'alpha': 0.05, 'gamma': 0.95, 'epsilon': 0.1, 'epsilon_step': 0}",,417,0,0.25,104.5,0.007009267807006836,['open fridge'],0.9592867018708495,0.019577279630017336
418,"Qlearntab_Language_{'alpha': 0.05, 'gamma': 0.95, 'epsilon': 0.1, 'epsilon_step': 0}",,418,0,0.25,104.75,0.007982730865478516,['open fridge'],0.9592867019787082,0.019577279632218534
419,"Qlearntab_Language_{'alpha': 0.05, 'gamma': 0.95, 'epsilon': 0.1, 'epsilon_step': 0}",,419,0,0.25,105.0,0.00701141357421875,['open fridge'],0.959286702081174,0.019577279634309674
420,"Qlearntab_Language_{'alpha': 0.05, 'gamma': 0.95, 'epsilon': 0.1, 'epsilon_step': 0}",,420,0,0.25,105.25,0.006982326507568359,['open fridge'],0.9592867021785164,0.019577279636296255
421,"Qlearntab_Language_{'alpha': 0.05, 'gamma': 0.95, 'epsilon': 0.1, 'epsilon_step': 0}",,421,0,0.25,105.5,0.0069732666015625,['open fridge'],0.9592867022709918,0.019577279638183506
422,"Qlearntab_Language_{'alpha': 0.05, 'gamma': 0.95, 'epsilon': 0.1, 'epsilon_step': 0}",,422,0,0.25,105.75,0.0069811344146728516,['open fridge'],0.9592867023588434,0.019577279639976394
423,"Qlearntab_Language_{'alpha': 0.05, 'gamma': 0.95, 'epsilon': 0.1, 'epsilon_step': 0}",,423,0,0.25,106.0,0.007978200912475586,['open fridge'],0.9592867024423024,0.01957727964167964
424,"Qlearntab_Language_{'alpha': 0.05, 'gamma': 0.95, 'epsilon': 0.1, 'epsilon_step': 0}",,424,3,0.25,106.25,0.011995792388916016,"['open dishwasher', 'examine trash can', 'examine knife', 'open fridge']",0.9724319466933402,0.019448638933866804
425,"Qlearntab_Language_{'alpha': 0.05, 'gamma': 0.95, 'epsilon': 0.1, 'epsilon_step': 0}",,425,0,0.25,106.5,0.00701141357421875,['open fridge'],0.9724319467726262,0.019448638935452525
426,"Qlearntab_Language_{'alpha': 0.05, 'gamma': 0.95, 'epsilon': 0.1, 'epsilon_step': 0}",,426,1,0.25,106.75,0.007011890411376953,"['examine fridge', 'open fridge']",0.9840690583960391,0.019681381167920783
427,"Qlearntab_Language_{'alpha': 0.05, 'gamma': 0.95, 'epsilon': 0.1, 'epsilon_step': 0}",,427,0,0.25,107.0,0.008008480072021484,['open fridge'],0.9840690584713608,0.019681381169427217
428,"Qlearntab_Language_{'alpha': 0.05, 'gamma': 0.95, 'epsilon': 0.1, 'epsilon_step': 0}",,428,1,0.25,107.25,0.007008790969848633,"['examine fridge', 'open fridge']",0.9952890145726442,0.019905780291452884
429,"Qlearntab_Language_{'alpha': 0.05, 'gamma': 0.95, 'epsilon': 0.1, 'epsilon_step': 0}",,429,0,0.25,107.5,0.007950067520141602,['open fridge'],0.9952890146441998,0.019905780292883996
430,"Qlearntab_Language_{'alpha': 0.05, 'gamma': 0.95, 'epsilon': 0.1, 'epsilon_step': 0}",,430,0,0.25,107.75,0.008008718490600586,['open fridge'],0.9952890147121777,0.019905780294243555
431,"Qlearntab_Language_{'alpha': 0.05, 'gamma': 0.95, 'epsilon': 0.1, 'epsilon_step': 0}",,431,0,0.25,108.0,0.007949590682983398,['open fridge'],0.9952890147767567,0.019905780295535132
432,"Qlearntab_Language_{'alpha': 0.05, 'gamma': 0.95, 'epsilon': 0.1, 'epsilon_step': 0}",,432,0,0.25,108.25,0.006953239440917969,['open fridge'],0.9952890148381067,0.019905780296762134
433,"Qlearntab_Language_{'alpha': 0.05, 'gamma': 0.95, 'epsilon': 0.1, 'epsilon_step': 0}",,433,0,0.25,108.5,0.007978677749633789,['open fridge'],0.9952890148963892,0.019905780297927785
434,"Qlearntab_Language_{'alpha': 0.05, 'gamma': 0.95, 'epsilon': 0.1, 'epsilon_step': 0}",,434,0,0.25,108.75,0.00800776481628418,['open fridge'],0.9952890149517576,0.019905780299035152
435,"Qlearntab_Language_{'alpha': 0.05, 'gamma': 0.95, 'epsilon': 0.1, 'epsilon_step': 0}",,435,0,0.25,109.0,0.008000850677490234,['open fridge'],0.9952890150043576,0.01990578030008715
436,"Qlearntab_Language_{'alpha': 0.05, 'gamma': 0.95, 'epsilon': 0.1, 'epsilon_step': 0}",,436,0,0.25,109.25,0.007973432540893555,['open fridge'],0.9952890150543277,0.019905780301086553
437,"Qlearntab_Language_{'alpha': 0.05, 'gamma': 0.95, 'epsilon': 0.1, 'epsilon_step': 0}",,437,0,0.25,109.5,0.007955551147460938,['open fridge'],0.9952890151017991,0.01990578030203598
438,"Qlearntab_Language_{'alpha': 0.05, 'gamma': 0.95, 'epsilon': 0.1, 'epsilon_step': 0}",,438,0,0.25,109.75,0.007012605667114258,['open fridge'],0.995289015146897,0.01990578030293794
439,"Qlearntab_Language_{'alpha': 0.05, 'gamma': 0.95, 'epsilon': 0.1, 'epsilon_step': 0}",,439,0,0.25,110.0,0.006956338882446289,['open fridge'],0.99528901518974,0.0199057803037948
440,"Qlearntab_Language_{'alpha': 0.05, 'gamma': 0.95, 'epsilon': 0.1, 'epsilon_step': 0}",,440,0,0.25,110.25,0.00698089599609375,['open fridge'],0.9952890152304409,0.01990578030460882
441,"Qlearntab_Language_{'alpha': 0.05, 'gamma': 0.95, 'epsilon': 0.1, 'epsilon_step': 0}",,441,0,0.25,110.5,0.007976770401000977,['open fridge'],0.9952890152691067,0.019905780305382134
442,"Qlearntab_Language_{'alpha': 0.05, 'gamma': 0.95, 'epsilon': 0.1, 'epsilon_step': 0}",,442,0,0.25,110.75,0.00797414779663086,['open fridge'],0.9952890153058392,0.019905780306116786
443,"Qlearntab_Language_{'alpha': 0.05, 'gamma': 0.95, 'epsilon': 0.1, 'epsilon_step': 0}",,443,0,0.25,111.0,0.006979227066040039,['open fridge'],0.9952890153407351,0.019905780306814704
444,"Qlearntab_Language_{'alpha': 0.05, 'gamma': 0.95, 'epsilon': 0.1, 'epsilon_step': 0}",,444,0,0.25,111.25,0.007010936737060547,['open fridge'],0.9952890153738863,0.019905780307477725
445,"Qlearntab_Language_{'alpha': 0.05, 'gamma': 0.95, 'epsilon': 0.1, 'epsilon_step': 0}",,445,4,0.25,111.5,0.013926029205322266,"['examine dishwasher', 'examine fridge', 'examine oven', 'read cookbook', 'open fridge']",1.0164322855877452,0.019930044815445986
446,"Qlearntab_Language_{'alpha': 0.05, 'gamma': 0.95, 'epsilon': 0.1, 'epsilon_step': 0}",,446,0,0.25,111.75,0.0069806575775146484,['open fridge'],1.0164322856192387,0.019930044816063502
447,"Qlearntab_Language_{'alpha': 0.05, 'gamma': 0.95, 'epsilon': 0.1, 'epsilon_step': 0}",,447,0,0.25,112.0,0.006999492645263672,['open fridge'],1.0164322856491577,0.01993004481665015
448,"Qlearntab_Language_{'alpha': 0.05, 'gamma': 0.95, 'epsilon': 0.1, 'epsilon_step': 0}",,448,0,0.25,112.25,0.007009267807006836,['open fridge'],1.0164322856775807,0.019930044817207466
449,"Qlearntab_Language_{'alpha': 0.05, 'gamma': 0.95, 'epsilon': 0.1, 'epsilon_step': 0}",,449,5,0.25,112.5,0.0139617919921875,"['examine stove', 'examine dining chair', 'examine fridge', 'examine trash can', 'examine knife', 'open fridge']",1.0372948990724706,0.0195716018692919
450,"Qlearntab_Language_{'alpha': 0.05, 'gamma': 0.95, 'epsilon': 0.1, 'epsilon_step': 0}",,450,0,0.25,112.75,0.007980823516845703,['open fridge'],1.0372948990994724,0.019571601869801364
451,"Qlearntab_Language_{'alpha': 0.05, 'gamma': 0.95, 'epsilon': 0.1, 'epsilon_step': 0}",,451,0,0.25,113.0,0.007012128829956055,['open fridge'],1.037294899125124,0.01957160187028536
452,"Qlearntab_Language_{'alpha': 0.05, 'gamma': 0.95, 'epsilon': 0.1, 'epsilon_step': 0}",,452,0,0.25,113.25,0.008008480072021484,['open fridge'],1.0372948991494932,0.019571601870745154
453,"Qlearntab_Language_{'alpha': 0.05, 'gamma': 0.95, 'epsilon': 0.1, 'epsilon_step': 0}",,453,0,0.25,113.5,0.0070111751556396484,['open fridge'],1.0372948991726438,0.01957160187118196
454,"Qlearntab_Language_{'alpha': 0.05, 'gamma': 0.95, 'epsilon': 0.1, 'epsilon_step': 0}",,454,0,0.25,113.75,0.007979393005371094,['open fridge'],1.037294899194637,0.019571601871596924
455,"Qlearntab_Language_{'alpha': 0.05, 'gamma': 0.95, 'epsilon': 0.1, 'epsilon_step': 0}",,455,0,0.25,114.0,0.007010221481323242,['open fridge'],1.0372948992155304,0.01957160187199114
456,"Qlearntab_Language_{'alpha': 0.05, 'gamma': 0.95, 'epsilon': 0.1, 'epsilon_step': 0}",,456,0,0.25,114.25,0.008008718490600586,['open fridge'],1.0372948992353792,0.019571601872365646
457,"Qlearntab_Language_{'alpha': 0.05, 'gamma': 0.95, 'epsilon': 0.1, 'epsilon_step': 0}",,457,0,0.25,114.5,0.007010936737060547,['open fridge'],1.0372948992542357,0.019571601872721427
458,"Qlearntab_Language_{'alpha': 0.05, 'gamma': 0.95, 'epsilon': 0.1, 'epsilon_step': 0}",,458,1,0.25,114.75,0.006987571716308594,"['examine knife', 'open fridge']",1.0489612143139762,0.019791721024792003
459,"Qlearntab_Language_{'alpha': 0.05, 'gamma': 0.95, 'epsilon': 0.1, 'epsilon_step': 0}",,459,0,0.25,115.0,0.008976221084594727,['open fridge'],1.0489612143318896,0.019791721025129994
460,"Qlearntab_Language_{'alpha': 0.05, 'gamma': 0.95, 'epsilon': 0.1, 'epsilon_step': 0}",,460,0,0.25,115.25,0.007980585098266602,['open fridge'],1.0489612143489075,0.019791721025451087
461,"Qlearntab_Language_{'alpha': 0.05, 'gamma': 0.95, 'epsilon': 0.1, 'epsilon_step': 0}",,461,0,0.25,115.5,0.0069806575775146484,['open fridge'],1.0489612143650744,0.01979172102575612
462,"Qlearntab_Language_{'alpha': 0.05, 'gamma': 0.95, 'epsilon': 0.1, 'epsilon_step': 0}",,462,0,0.25,115.75,0.00794839859008789,['open fridge'],1.048961214380433,0.019791721026045907
463,"Qlearntab_Language_{'alpha': 0.05, 'gamma': 0.95, 'epsilon': 0.1, 'epsilon_step': 0}",,463,0,0.25,116.0,0.00900411605834961,['open fridge'],1.0489612143950238,0.019791721026321204
464,"Qlearntab_Language_{'alpha': 0.05, 'gamma': 0.95, 'epsilon': 0.1, 'epsilon_step': 0}",,464,0,0.25,116.25,0.007009983062744141,['open fridge'],1.048961214408885,0.019791721026582734
465,"Qlearntab_Language_{'alpha': 0.05, 'gamma': 0.95, 'epsilon': 0.1, 'epsilon_step': 0}",,465,0,0.25,116.5,0.007973909378051758,['open fridge'],1.048961214422053,0.01979172102683119
466,"Qlearntab_Language_{'alpha': 0.05, 'gamma': 0.95, 'epsilon': 0.1, 'epsilon_step': 0}",,466,0,0.25,116.75,0.007994413375854492,['open fridge'],1.0489612144345628,0.01979172102706722
467,"Qlearntab_Language_{'alpha': 0.05, 'gamma': 0.95, 'epsilon': 0.1, 'epsilon_step': 0}",,467,0,0.25,117.0,0.007010936737060547,['open fridge'],1.048961214446447,0.019791721027291456
468,"Qlearntab_Language_{'alpha': 0.05, 'gamma': 0.95, 'epsilon': 0.1, 'epsilon_step': 0}",,468,0,0.25,117.25,0.008009195327758789,['open fridge'],1.0489612144577372,0.019791721027504476
469,"Qlearntab_Language_{'alpha': 0.05, 'gamma': 0.95, 'epsilon': 0.1, 'epsilon_step': 0}",,469,0,0.25,117.5,0.007977724075317383,['open fridge'],1.0489612144684626,0.019791721027706842
470,"Qlearntab_Language_{'alpha': 0.05, 'gamma': 0.95, 'epsilon': 0.1, 'epsilon_step': 0}",,470,0,0.25,117.75,0.00797891616821289,['open fridge'],1.0489612144786518,0.01979172102789909
471,"Qlearntab_Language_{'alpha': 0.05, 'gamma': 0.95, 'epsilon': 0.1, 'epsilon_step': 0}",,471,0,0.25,118.0,0.008002519607543945,['open fridge'],1.0489612144883316,0.019791721028081726
472,"Qlearntab_Language_{'alpha': 0.05, 'gamma': 0.95, 'epsilon': 0.1, 'epsilon_step': 0}",,472,0,0.25,118.25,0.007010936737060547,['open fridge'],1.0489612144975273,0.019791721028255233
473,"Qlearntab_Language_{'alpha': 0.05, 'gamma': 0.95, 'epsilon': 0.1, 'epsilon_step': 0}",,473,0,0.25,118.5,0.007978439331054688,['open fridge'],1.0489612145062632,0.01979172102842006
474,"Qlearntab_Language_{'alpha': 0.05, 'gamma': 0.95, 'epsilon': 0.1, 'epsilon_step': 0}",,474,0,0.25,118.75,0.008946418762207031,['open fridge'],1.0489612145145624,0.01979172102857665
475,"Qlearntab_Language_{'alpha': 0.05, 'gamma': 0.95, 'epsilon': 0.1, 'epsilon_step': 0}",,475,0,0.25,119.0,0.00797891616821289,['open fridge'],1.0489612145224465,0.019791721028725406
476,"Qlearntab_Language_{'alpha': 0.05, 'gamma': 0.95, 'epsilon': 0.1, 'epsilon_step': 0}",,476,0,0.25,119.25,0.00800466537475586,['open fridge'],1.0489612145299365,0.019791721028866727
477,"Qlearntab_Language_{'alpha': 0.05, 'gamma': 0.95, 'epsilon': 0.1, 'epsilon_step': 0}",,477,0,0.25,119.5,0.007977962493896484,['open fridge'],1.048961214537052,0.01979172102900098
478,"Qlearntab_Language_{'alpha': 0.05, 'gamma': 0.95, 'epsilon': 0.1, 'epsilon_step': 0}",,478,0,0.25,119.75,0.008971214294433594,['open fridge'],1.0489612145438116,0.01979172102912852
479,"Qlearntab_Language_{'alpha': 0.05, 'gamma': 0.95, 'epsilon': 0.1, 'epsilon_step': 0}",,479,0,0.25,120.0,0.007979154586791992,['open fridge'],1.0489612145502334,0.019791721029249688
480,"Qlearntab_Language_{'alpha': 0.05, 'gamma': 0.95, 'epsilon': 0.1, 'epsilon_step': 0}",,480,2,0.25,120.25,0.01099848747253418,"['open kitchen cupboard', 'examine knife', 'open fridge']",1.060975564745833,0.02001840688199685
481,"Qlearntab_Language_{'alpha': 0.05, 'gamma': 0.95, 'epsilon': 0.1, 'epsilon_step': 0}",,481,0,0.25,120.5,0.008007049560546875,['open fridge'],1.0609755647519337,0.020018406882111955
482,"Qlearntab_Language_{'alpha': 0.05, 'gamma': 0.95, 'epsilon': 0.1, 'epsilon_step': 0}",,482,0,0.25,120.75,0.00797891616821289,['open fridge'],1.0609755647577293,0.020018406882221305
483,"Qlearntab_Language_{'alpha': 0.05, 'gamma': 0.95, 'epsilon': 0.1, 'epsilon_step': 0}",,483,0,0.25,121.0,0.007978200912475586,['open fridge'],1.060975564763235,0.02001840688232519
484,"Qlearntab_Language_{'alpha': 0.05, 'gamma': 0.95, 'epsilon': 0.1, 'epsilon_step': 0}",,484,0,0.25,121.25,0.007977962493896484,['open fridge'],1.0609755647684656,0.02001840688242388
485,"Qlearntab_Language_{'alpha': 0.05, 'gamma': 0.95, 'epsilon': 0.1, 'epsilon_step': 0}",,485,0,0.25,121.5,0.008940458297729492,['open fridge'],1.0609755647734347,0.020018406882517634
486,"Qlearntab_Language_{'alpha': 0.05, 'gamma': 0.95, 'epsilon': 0.1, 'epsilon_step': 0}",,486,1,0.25,121.75,0.014989137649536133,"['look around', 'open fridge']",1.0734443147734347,0.019878598421730273
487,"Qlearntab_Language_{'alpha': 0.05, 'gamma': 0.95, 'epsilon': 0.1, 'epsilon_step': 0}",,487,0,0.25,122.0,0.009006023406982422,['open fridge'],1.0734443147781554,0.019878598421817693
488,"Qlearntab_Language_{'alpha': 0.05, 'gamma': 0.95, 'epsilon': 0.1, 'epsilon_step': 0}",,488,0,0.25,122.25,0.007977962493896484,['open fridge'],1.07344431478264,0.01987859842190074
489,"Qlearntab_Language_{'alpha': 0.05, 'gamma': 0.95, 'epsilon': 0.1, 'epsilon_step': 0}",,489,0,0.25,122.5,0.008008956909179688,['open fridge'],1.0734443147869004,0.019878598421979636
490,"Qlearntab_Language_{'alpha': 0.05, 'gamma': 0.95, 'epsilon': 0.1, 'epsilon_step': 0}",,490,0,0.25,122.75,0.007982492446899414,['open fridge'],1.0734443147909476,0.019878598422054587
491,"Qlearntab_Language_{'alpha': 0.05, 'gamma': 0.95, 'epsilon': 0.1, 'epsilon_step': 0}",,491,2,0.25,123.0,0.010995626449584961,"['examine trash can', 'examine knife', 'open fridge']",1.0855044444767912,0.020101934156977613
492,"Qlearntab_Language_{'alpha': 0.05, 'gamma': 0.95, 'epsilon': 0.1, 'epsilon_step': 0}",,492,0,0.25,123.25,0.007979631423950195,['open fridge'],1.085504444480636,0.020101934157048817
493,"Qlearntab_Language_{'alpha': 0.05, 'gamma': 0.95, 'epsilon': 0.1, 'epsilon_step': 0}",,493,0,0.25,123.5,0.007008790969848633,['open fridge'],1.0855044444842887,0.020101934157116457
494,"Qlearntab_Language_{'alpha': 0.05, 'gamma': 0.95, 'epsilon': 0.1, 'epsilon_step': 0}",,494,0,0.25,123.75,0.008948087692260742,['open fridge'],1.0855044444877588,0.020101934157180718
495,"Qlearntab_Language_{'alpha': 0.05, 'gamma': 0.95, 'epsilon': 0.1, 'epsilon_step': 0}",,495,0,0.25,124.0,0.008007287979125977,['open fridge'],1.0855044444910553,0.020101934157241767
496,"Qlearntab_Language_{'alpha': 0.05, 'gamma': 0.95, 'epsilon': 0.1, 'epsilon_step': 0}",,496,0,0.25,124.25,0.007979154586791992,['open fridge'],1.085504444494187,0.02010193415729976
497,"Qlearntab_Language_{'alpha': 0.05, 'gamma': 0.95, 'epsilon': 0.1, 'epsilon_step': 0}",,497,0,0.25,124.5,0.007977962493896484,['open fridge'],1.0855044444971622,0.020101934157354857
498,"Qlearntab_Language_{'alpha': 0.05, 'gamma': 0.95, 'epsilon': 0.1, 'epsilon_step': 0}",,498,0,0.25,124.75,0.009005546569824219,['open fridge'],1.0855044444999886,0.020101934157407197
499,"Qlearntab_Language_{'alpha': 0.05, 'gamma': 0.95, 'epsilon': 0.1, 'epsilon_step': 0}",,499,0,0.25,125.0,0.00795125961303711,['open fridge'],1.0855044445026736,0.020101934157456917
